X,Y,OBJECTID,AUN,SCHOOL_NUM,LOCATION_ID,SCHOOL_NAME,SCHOOL_NAME_LABEL,STREET_ADDRESS,ZIP_CODE,PHONE_NUMBER,ACTIVE,GRADE_LEVEL,GRADE_ORG,ENROLLMENT,TYPE,TYPE_SPECIFIC
-75.1496123142232,39.9460512201418,1132,226518902,,,ST MARYS INTERPAROCHIAL SCHOOL,ST MARYS INTERPAROCHIAL SCHOOL,440 LOCUST ST,19106,(215) 923-7522,O,ELEMENTARY/MIDDLE,K-8,,3,ARCHDIOCESE
-74.9850490673165,40.0875779879744,1133,226518722,,,ST MARTHA SCHOOL,ST MARTHA SCHOOL,11321 ACADEMY RD,19154,(215) 632-0320,O,ELEMENTARY/MIDDLE,PREK-8,,3,ARCHDIOCESE
-75.0389922012731,40.0819229624843,1134,226514052,,,MATERNITY BVM SCHOOL,MATERNITY BVM SCHOOL,9322 OLD BUSTLETON AVE,19115,(215) 673-0235,O,ELEMENTARY/MIDDLE,PREK-8,,3,ARCHDIOCESE
-74.9789070812707,40.0793780543823,1135,226514852,,,OUR LADY OF CALVARY SCHOOL,OUR LADY OF CALVARY SCHOOL,11023 KIPLING LN,19154,(215) 637-1648,O,ELEMENTARY/MIDDLE,PREK-8,,3,ARCHDIOCESE
-74.995300520648,40.0752823140992,1136,226511102,,,CHRIST THE KING SCHOOL,CHRIST THE KING SCHOOL,3205 CHESTERFIELD RD,19114,(215) 632-1375,O,ELEMENTARY/MIDDLE,PREK-8,,3,ARCHDIOCESE
-75.1589193833665,39.9422174313083,1281,300511820,,,BEGINNINGS LEARNING CENTER,BEGINNINGS LEARNING CENTER,620 S 10TH ST,19147,(215) 627-3668,O,PRE-K/KINDERGARTEN,PREK-K,,3,PRIVATE
-75.2082188021773,39.9488189675549,1282,226511232,,,JUBILEE SCHOOL,JUBILEE SCHOOL,4211 CHESTER AVE,19104,(215) 387-7592,O,ELEMENTARY SCHOOL,PREK-6,,3,PRIVATE
-75.2147082797715,39.9595409366735,1283,226514112,,,MILL CREEK SCHOOL,MILL CREEK SCHOOL,4601 MARKET ST,19139,(215) 471-4900,O,MIDDLE/HIGH,7-12,,3,PRIVATE
-75.1008593041771,40.0120281127198,1284,226512252,,,HOLY INNOCENTS SCHOOL,HOLY INNOCENTS CATHOLIC SCHOOL,1312 E BRISTOL ST,19124,(215) 743-5909,O,ELEMENTARY/MIDDLE,PREK-8,,3,ARCHDIOCESE
-75.1563401508609,40.006952641237,1285,226510064,,,SPRING GARDEN ACADEMY - TIOGA,SPRING GARDEN ACAD - TIOGA,3501-05 N 17TH ST,19140,(215) 226-1000,O,ELEMENTARY/MIDDLE,PREK-8,,3,PRIVATE
-75.1824844048213,40.0042584778552,1286,226510073,,,ST JAMES SCHOOL,ST JAMES SCHOOL,3201-29 W CLEARFIELD ST,19132,(215) 226-1276,O,MIDDLE SCHOOL,4-8,,3,PRIVATE
-75.1450546195989,40.0286502671423,1287,226510004,,,LOGAN HOPE SCHOOL,LOGAN HOPE SCHOOL,4934 N 13TH ST,19141,(215) 455-7442,O,ELEMENTARY/MIDDLE,K-8,,3,PRIVATE
-75.210184742915,40.0792677889648,1288,226515302,,,OUR MOTHER OF CONSOLATION,OUR MOTHER OF CONSOLATION SCHOOL,7-29 E CHESTNUT HILL AVE,19118,(215) 247-1060,O,ELEMENTARY/MIDDLE,PREK-8,,3,ARCHDIOCESE
-75.1887167719836,40.0617500903787,1289,226512152,,,HOLY CROSS SCHOOL,HOLY CROSS SCHOOL,148-54 E MOUNT AIRY AVE,19119,(215) 242-0414,O,ELEMENTARY/MIDDLE,PREK-8,,3,PRIVATE
-75.1481843568952,40.0036406776715,1290,126515001,5183,7510,"BETHUNE, MARY MCLEOD SCHOOL",MARY M. BETHUNE SCHOOL,3301 OLD YORK RD,19140,(215) 400-3890,,ELEMENTARY/MIDDLE,K-8,398,1,DISTRICT
-75.1831230017859,39.9853002642558,1291,126515001,3662,4220,"BLAINE, JAMES G. SCHOOL",JAMES G. BLAINE SCHOOL,3001 W BERKS ST,19121,(215) 400-7330,,ELEMENTARY/MIDDLE,K-8,314,1,DISTRICT
-75.2151434499055,39.9726290989846,1292,126515001,3663,1490,"BLANKENBURG, RUDOLPH SCHOOL",RUDOLPH BLANKENBURG SCHOOL,4600 W GIRARD AVE,19131,(215) 400-7280,,ELEMENTARY/MIDDLE,K-8,257,1,DISTRICT
-75.1431779114975,39.9680504922372,1293,126515001,7070,5150,"BODINE, WILLIAM W. HIGH SCHOOL",WILLIAM W. BODINE HIGH SCHOOL,1101 N 4TH ST,19123,(215) 400-7630,,HIGH SCHOOL,9-12,491,1,DISTRICT
-75.1767050838534,39.9145523452285,1294,126515001,3620,2240,"BREGY, F. AMEDEE SCHOOL",F. AMEDEE BREGY SCHOOL,1700 BIGLER ST,19145,(215) 400-8210,,ELEMENTARY/MIDDLE,K-8,232,1,DISTRICT
-75.2425202924685,39.9200639465822,1295,226511922,,,GREATER HOPE CHRISTIAN ACADEMY,GREATER HOPE CHRISTIAN ACADEMY,7029 WOODLAND AVE,19142,(215) 729-0374,O,ELEMENTARY/MIDDLE/HIGH,PREK-12,,3,PRIVATE
-75.1630048885049,40.0271175120535,1296,226517602,,,DEPAUL CATHOLIC SCHOOL,DEPAUL CATHOLIC SCHOOL,44 W LOGAN ST,19144,(215) 842-1266,O,ELEMENTARY/MIDDLE,PREK-8,,3,PRIVATE
-75.1866783868339,40.043993185085,1297,226510682,,,BLAIR CHRISTIAN ACADEMY & PRESCHOOL,BLAIR CHRISTIAN ACADEMY & PRESCHOOL,212-20 W UPSAL ST,19119,(215) 438-6557,O,ELEMENTARY/MIDDLE,PREK-8,,3,PRIVATE
-75.0173105580832,40.1297386494539,1298,226510732,,,CALVARY CHRISTIAN ACADEMY,CALVARY CHRISTIAN ACADEMY,13500 PHILMONT AVE,19116,(215) 969-1579,O,ELEMENTARY/MIDDLE/HIGH,PREK-12,,3,PRIVATE
-75.1046539368496,40.0366030238388,1299,226512732,,,INTERNATIONAL CHRISTIAN HIGH SCHOOL,INTERNATIONAL CHRISTIAN HIGH SCHOOL,5500 TABOR AVE,19120,(267) 900-2000,O,HIGH SCHOOL,9-12,,3,PRIVATE
-75.0391864606707,40.0804452967683,1300,300514330,,,POLITZ HEBREW ACADEMY,POLITZ HEBREW ACADEMY,9229 OLD BUSTLETON AVE,19115,(215) 969-5960,O,ELEMENTARY/MIDDLE,K-8,,3,PRIVATE
-75.1390283474899,39.9733439022482,1301,226510023,,,LASALLE ACADEMY,LASALLE ACADEMY,1432-36 N 2ND ST,19122,(215) 739-5804,O,ELEMENTARY/MIDDLE,3-8,,3,PRIVATE
-75.2149681180715,39.9711037408358,1302,226515392,,,QUBA INSTITUTE OF ARABIC & ISLAMIC STUDIES,QUBA INSTITUTE OF ARABIC & ISLAMIC STUDIES,4637 LANCASTER AVE,19131,(215) 473-8589,O,ELEMENTARY/MIDDLE,K-8,,3,PRIVATE
-75.0450512091039,40.0998261861186,1303,226515872,,,SHAARE SHAMAYIM-BETH JUDAH KINDERGARTEN,SHAARE SHAMAYIM-BETH JUDAH KINDERGARTEN,9768 VERREE RD,19115,(215) 673-2323,O,PRE-K/KINDERGARTEN,PREK-K,,3,PRIVATE
-75.2472179652434,39.9855312303181,1304,226510020,,,NEW LIFE ALTERNATIVES CHRISTIAN ACADEMY,NEW LIFE ALTERNATIVES CHRISTIAN ACADEMY,1993-95 N 63RD ST,19151,(215) 877-3440,O,ELEMENTARY SCHOOL,PREK-7,,3,PRIVATE
-75.1373045584615,40.0186546469217,1305,226512672,,,HUNTING PARK CHRISTIAN ACADEMY,HUNTING PARK CHRISTIAN ACADEMY,4400 N 6TH ST,19140,(267) 331-8002,O,ELEMENTARY/MIDDLE,PREK-8,,3,PRIVATE
-75.2149975211038,40.0766857349399,1306,226514122,,,CREFELD SCHOOL,CREFELD SCHOOL,8836 CREFELD ST,19118,(215) 242-5545,O,MIDDLE/HIGH,7-12,,3,PRIVATE
-75.1523359999574,39.9502520000276,1307,126515001,7905,2670,CONSTITUTION HIGH SCHOOL,CONSTITUTION HIGH SCHOOL,18 S 7TH ST,19106,(215) 400-7850,,HIGH SCHOOL,9-12,421,1,DISTRICT
-75.1148200223767,39.9944190479345,1308,126515001,6525,5230,"CONWELL, RUSSELL MIDDLE SCHOOL",RUSSELL H. CONWELL SCHOOL,1849 E CLEARFIELD ST,19134,(215) 400-7210,,MIDDLE SCHOOL,5-8,119,1,DISTRICT
-75.1460740001465,40.0255260001875,1309,126515001,7239,7100,"COOKE, JAY ELEMENTARY SCHOOL",JAY COOKE SCHOOL,1300 W LOUDON ST,19141,(215) 400-8330,,ELEMENTARY/MIDDLE,K-8,370,1,DISTRICT
-75.2068019997144,40.0224720000888,1310,126515001,5122,6410,COOK-WISSAHICKON SCHOOL,COOK-WISSAHICKON SCHOOL,201 E SALAIGNAC ST,19128,(215) 400-3430,,ELEMENTARY/MIDDLE,K-8,414,1,DISTRICT
-75.1299362503674,40.0026291206135,1311,126515001,5123,5470,"CRAMP, WILLIAM SCHOOL",WILLIAM CRAMP SCHOOL,3449 N MASCHER ST,19140,(215) 400-3860,,ELEMENTARY SCHOOL,K-5,341,1,DISTRICT
-75.1663226360723,39.9578909273953,1312,,,,PHILADELPHIA PERFORMING ARTS CHARTER SCHOOL,PHILADELPHIA PERFORMING ARTS CHARTER SCHOOL,1600 VINE ST,19102,(267) 428-2224,,MIDDLE/HIGH,6-12,,2,CHARTER
-75.2116955957269,39.9572541565741,1313,226519902,,,WEST CATHOLIC PREPARATORY HIGH SCHOOL,WEST CATHOLIC HIGH SCHOOL,4501-17 CHESTNUT ST,19139,(215) 386-2244,O,HIGH SCHOOL,9-12,,3,ARCHDIOCESE
-75.1746922698452,39.930402025072,1314,226519382,,,ST THOMAS AQUINAS SCHOOL,ST THOMAS AQUINAS SCHOOL,1616 S 18TH ST,19145,(215) 334-0878,O,ELEMENTARY/MIDDLE,PREK-8,,3,PRIVATE
-75.1671178291817,40.0719914409471,1315,226519222,,,ST RAYMOND OF PENAFORT SCHOOL,ST RAYMOND SCHOOL,7940 WILLIAMS AVE,19150,(215) 548-1919,O,ELEMENTARY/MIDDLE,PREK-8,,3,PRIVATE
-75.0604271292593,40.0307935155365,1316,226519422,,,BLESSED TRINITY REGIONAL CATHOLIC SCHOOL,BLESSED TRINITY REGIONAL CATHOLIC SCHOOL,3033 LEVICK ST,19149,(215) 338-9797,O,ELEMENTARY/MIDDLE,PREK-8,,3,ARCHDIOCESE
-75.1448766839455,39.9695944753092,1317,226519142,,,ST PETER THE APOSTLE SCHOOL,ST PETER THE APOSTLE SCHOOL,1009 N 5TH ST,19123,(215) 922-5958,O,ELEMENTARY/MIDDLE,PREK-8,,3,ARCHDIOCESE
-75.0499678868547,40.0414413494622,1318,226518932,,,ST MATTHEW SCHOOL,ST MATTHEW SCHOOL,3040 COTTMAN AVE,19149,(215) 333-3142,O,ELEMENTARY/MIDDLE,PREK-8,,3,ARCHDIOCESE
-75.1296562928086,39.9767768585942,1319,226518422,,,ST LAURENTIUS SCHOOL,ST LAURENTIUS SCHOOL,1612 E BERKS ST,19125,(215) 423-8834,O,ELEMENTARY/MIDDLE,PREK-8,,3,ARCHDIOCESE
-75.2491359095265,39.9695120054944,1320,226517352,,,ST FRANCES CABRINI REGIONAL CATHOLIC SCHOOL,ST FRANCES CABRINI,405 N 65TH ST,19151,(215) 748-2994,O,ELEMENTARY/MIDDLE,PREK-8,,3,PRIVATE
-75.1785342446874,39.9135995070848,1321,226519242,,,ST PIO REGIONAL CATHOLIC SCHOOL,ST PIO CATHOLIC REGIONAL SCHOOL,1826 POLLOCK ST,19145,(215) 467-5430,O,ELEMENTARY/MIDDLE,PREK-8,,3,ARCHDIOCESE
-74.9771497893088,40.0926451156757,1322,300513270,,,DELTA SCHOOL,DELTA SCHOOL,3515 WOODHAVEN RD,19154,(215) 637-8235,O,ELEMENTARY/MIDDLE/HIGH,K-12,,3,PRIVATE
-75.2148630772767,40.0805084250001,1323,226514502,,,NORWOOD FONTBONNE ACADEMY,NORWOOD FONTBONNE ACADEMY,8891 GERMANTOWN AVE,19118,(215) 247-3811,O,ELEMENTARY/MIDDLE,PREK-8,,3,PRIVATE
-75.208283252234,40.0621619874661,1324,226511002,,,SPRINGSIDE CHESTNUT HILL ACADEMY,SPRINGSIDE CHESTNUT HILL ACADEMY,500 W WILLOW GROVE AVE,19118,(215) 247-4700,O,ELEMENTARY/MIDDLE/HIGH,PREK-12,,3,PRIVATE
-75.0922342808153,40.0494502046096,1325,226510912,,,CEDAR GROVE CHRISTIAN ACADEMY LOWER SCHOOL,CEDAR GROVE CHRISTIAN ACADEMY LOWER SCHOOL,6445 BINGHAM ST,19111,(215) 725-3383,O,ELEMENTARY/MIDDLE,PREK-12,,3,PRIVATE
-75.1481419995917,39.9426797313601,1326,226519162,,,ST PETERS SCHOOL,ST PETER'S SCHOOL,311-21 LOMBARD ST,19147,(215) 925-3963,O,ELEMENTARY/MIDDLE,PREK-8,,3,PRIVATE
-75.1648963914339,39.97315271672,1327,226518302,,,ST JOSEPH'S PREPARATORY SCHOOL,ST JOSEPH'S PREPARATORY SCHOOL,1733 W GIRARD AVE,19130,(215) 978-1950,O,HIGH SCHOOL,9-12,,3,PRIVATE
-75.0470018652508,40.1071188919237,1328,326510160,,,RED LION ELEMENTARY SCHOOL,RED LION ELEMENTARY SCHOOL,256 GEIGER RD,19115,(215) 673-2100,O,ELEMENTARY SCHOOL,K-5,,3,PRIVATE
-74.9861039836587,40.0602707641055,1329,226510232,,,ALPHA HOUSE NURSERY & KINDERGARTEN,ALPHA HOUSE NURSERY & KINDERGARTEN,9801 FRANKFORD AVE,19114,(215) 637-7700,O,PRE-K/KINDERGARTEN,PREK-K,,3,PRIVATE
-74.9938359115547,40.0586430926369,1330,226510026,,,ALL SAINTS EPISCOPAL SCHOOL,ALL SAINTS EPISCOPAL SCHOOL,9601 FRANKFORD AVE,19114,(215) 637-8788,O,PRE-K/KINDERGARTEN,PREK-K,,3,PRIVATE
-75.2113542945407,39.9554768511563,1331,226512762,,,ISLAMIC EDUCATION SCHOOL,ISLAMIC EDUCATION SCHOOL,4431-39 WALNUT ST,19104,(215) 387 – 5230,O,ELEMENTARY SCHOOL,K-8,,3,PRIVATE
-75.0307170550868,40.0556388168935,1332,226518092,,,ST JEROME SCHOOL,ST JEROME SCHOOL,3031 STAMFORD ST,19136,(215) 624-0637,O,ELEMENTARY/MIDDLE,PREK-8,,3,ARCHDIOCESE
-75.0624480755073,40.0534000964871,1333,226515552,,,RESURRECTION REGIONAL CATHOLIC SCHOOL,RESURRECTION REGIONAL CATHOLIC SCHOOL,2020 SHELMIRE AVE.,19152,(215) 742-1127,O,ELEMENTARY/MIDDLE,PREK-8,,3,ARCHDIOCESE
-75.0233971090183,40.0482015679232,1334,226511602,,,FATHER JUDGE HIGH SCHOOL,FATHER JUDGE HIGH SCHOOL,3301 SOLLY AVE,19136,(215) 338-9494,O,HIGH SCHOOL,9-12,,3,ARCHDIOCESE
-75.1283329810164,40.0443545317559,1335,226517902,,,ST HELENA INCARNATION REGIONAL CATHOLIC SCHOOL,ST HELENA INCARNATION SCHOOL,6101 N 5TH ST,19120,(215) 549-2947,O,ELEMENTARY/MIDDLE,PREK-8,,3,PRIVATE
-75.2378955239187,39.9750810686428,1336,226519282,,,ST ROSE OF LIMA SCHOOL,ST ROSE OF LIMA SCHOOL,1508-46 N WANAMAKER ST,19131,(215) 473-6030,O,ELEMENTARY/MIDDLE,PREK-8,,3,PRIVATE
-75.2345361262136,40.0644207716868,1337,226512702,,,IMMACULATE HEART OF MARY SCHOOL,IMMACULATE HEART OF MARY SCHOOL,815-23 CATHEDRAL RD,19128,(215) 482-2029,O,ELEMENTARY/MIDDLE,PREK-8,,3,ARCHDIOCESE
-75.1540868690401,40.061700347145,1338,226516302,,,ST ATHANASIUS IMMACULATE CONCEPTION SCHOOL,ST ATHANASIUS IMMACULATE CONCEPTION SCHOOL,7105 LIMEKILN PIKE,19138,(215) 424-5045,O,ELEMENTARY/MIDDLE,PREK-8,,3,ARCHDIOCESE
-75.0812831658849,40.0770883747249,1339,226517052,,,ST CECILIA SCHOOL,ST CECILIA SCHOOL,535 RHAWN ST,19111,(215) 725-8588,O,ELEMENTARY/MIDDLE,PREK-8,,3,ARCHDIOCESE
-75.1695646783187,39.9955553167013,1340,226517252,,,ST MARTIN DE PORRES SCHOOL,ST MARTIN DE PORRES SCHOOL,2300-36 W LEHIGH AVE,19132,(215) 223-6872,O,ELEMENTARY/MIDDLE,PREK-8,,3,PRIVATE
-75.1853310871776,39.9812717134156,1341,326510079,,,COMMUNITY PARTNERSHIP SCHOOL,COMMUNITY PARTNERSHIP SCHOOL,3033 W GLENWOOD AVE,19121,(215) 235-0461,O,ELEMENTARY SCHOOL,PREK-5,,3,PRIVATE
-75.1643553175934,39.973706911764,1342,226511802,,,GESU SCHOOL,GESU SCHOOL,1700 W THOMPSON ST,19121,(215) 763-3660,O,ELEMENTARY/MIDDLE,PREK-8,,3,PRIVATE
-75.1491536014636,39.9918135879359,1343,326510060,,,HOPE PARTNERSHIP FOR EDUCATION,HOPE PARTNERSHIP FOR EDUCATION,2601 N 11TH ST,19133,(215) 232-5410,O,MIDDLE SCHOOL,5-8,,3,PRIVATE
-75.1674103771091,39.9564264556589,1344,226511652,,,FRIENDS SELECT SCHOOL,FRIENDS SELECT SCHOOL,1651 BENJAMIN FRANKLIN PKY,19103,(215) 561-5900,O,ELEMENTARY/MIDDLE/HIGH,PREK-12,,3,PRIVATE
-75.211400605039,39.9486024038561,1345,300514200,,,HMS SCHOOL FOR CHILDREN W/CEREBRAL PALSY,HMS SCHOOL FOR CHILDREN W/CEREBRAL PALSY,4400 BALTIMORE AVE,19104,(215) 222-2566,O,ELEMENTARY/MIDDLE/HIGH,PREK-12,,3,PRIVATE
-75.181783472823,39.9468888984396,1346,226515462,,,PHILADELPHIA SCHOOL,PHILADELPHIA SCHOOL,2501-29 LOMBARD ST,19146,(215) 545-5323,O,ELEMENTARY/MIDDLE,PREK-8,,3,PRIVATE
-75.2274197928588,39.9351708375297,1347,300512620,,,CORNERSTONE CHRISTIAN ACADEMY,CORNERSTONE CHRISTIAN ACADEMY,1939 S 58TH ST,19143,(215) 724-6858,O,ELEMENTARY/MIDDLE,K-8,,3,PRIVATE
-75.1414097136748,39.9738560713576,1348,226510132,,,AL-AQSA ISLAMIC SCHOOL,AL-AQSA ISLAMIC SCHOOL,1501-11 GERMANTOWN AVE,19122,(215) 765-6660,O,ELEMENTARY/MIDDLE/HIGH,K-12,,3,PRIVATE
-75.10201897353,39.9849626738383,1349,226514552,,,OUR LADY OF PORT RICHMOND SCHOOL,OUR LADY OF PORT RICHMOND SCHOOL,3233 E THOMPSON ST,19134,(215) 739-1920,O,ELEMENTARY/MIDDLE,PREK-8,,3,ARCHDIOCESE
-74.9737067535441,40.1022609914693,1350,226516202,,,ST ANSELM ELEMENTARY SCHOOL,ST ANSELM ELEMENTARY SCHOOL,12650 DUNKS FERRY RD,19154,(215) 632-1133,O,ELEMENTARY/MIDDLE,PREK-8,,3,ARCHDIOCESE
-75.0100354694662,40.124454772126,1351,226517152,,,ST CHRISTOPHER SCHOOL,ST CHRISTOPHER SCHOOL,13305 PROCTOR RD,19116,(215) 673-5787,O,ELEMENTARY/MIDDLE,PREK-8,,3,ARCHDIOCESE
-74.98669574197,40.0851860288387,1352,226510452,,,ARCHBISHOP RYAN HIGH SCHOOL,ARCHBISHOP RYAN HIGH SCHOOL,11201 ACADEMY RD,19154,(215) 637-1800,O,HIGH SCHOOL,9-12,,3,ARCHDIOCESE
-75.1743995489158,39.9193230251614,1353,226519022,,,ST MONICA SENIOR SCHOOL,ST MONICA SENIOR SCHOOL,2500 S 16TH ST,19145,(215) 467-5338,O,ELEMENTARY/MIDDLE,5-8,,3,ARCHDIOCESE
-75.1775358229263,40.0051788834434,1354,226514102,,,MERCY CAREER AND TECHNICAL HIGH SCHOOL,MERCY CAREER AND TECHNICAL HIGH SCHOOL,2900 W HUNTING PARK AVE,19129,(215) 226-1225,O,HIGH SCHOOL,9-12,,3,PRIVATE
-75.1534790395264,39.9722580051362,1355,226518662,,,ST MALACHY SCHOOL,ST MALACHY SCHOOL,1012 W THOMPSON ST,19122,(215) 232-0696,O,ELEMENTARY/MIDDLE,PREK-8,,3,PRIVATE
-75.0867590072993,40.0317116603548,1356,226518752,,,ST MARTIN OF TOURS SCHOOL,ST MARTIN OF TOURS SCHOOL,5400 E ROOSEVELT BLV,19124,(215) 744-0444,O,ELEMENTARY/MIDDLE,PREK-8,,3,PRIVATE
-74.992932196987,40.0599100131871,1357,226518332,,,ST KATHERINE SIENA SCHOOL,ST KATHERINE OF SIENA SCHOOL,9720-88 FRANKFORD AVE,19114,(215) 637-2181,O,ELEMENTARY/MIDDLE,PREK-8,,3,ARCHDIOCESE
-75.2270123926421,39.9219763260105,1358,226516452,,,ST BARNABAS CATHOLIC SCHOOL,ST BARNABAS CATHOLIC SCHOOL,6334 BUIST AVE,19142,(215) 729-3603,O,ELEMENTARY/MIDDLE,PREK-8,,3,PRIVATE
-75.0155766690051,40.04690457217,1359,226517302,,,ST DOMINIC SCHOOL,ST DOMINIC SCHOOL,8510 FRANKFORD AVE,19136,(215) 333-6703,O,ELEMENTARY/MIDDLE,PREK-8,,3,ARCHDIOCESE
-75.2154946674252,39.9477760657548,1360,226517552,,,ST FRANCIS DESALES SCHOOL,ST FRANCIS DESALES SCHOOL,917 S 47TH ST,19143,(215) 387-1749,O,ELEMENTARY/MIDDLE,PREK-8,,3,ARCHDIOCESE
-75.1629278965599,39.9273915280251,1361,226518692,,,SS JOHN NEUMANN AND MARIA GORETTI CATHOLIC HIGH SCHOOL,SS JOHN NEUMANN AND MARIA GORETTI CATHOLIC HIGH SCHOOL,1736 S 10TH ST,19148,(215) 465-8437,O,HIGH SCHOOL,9-12,,3,ARCHDIOCESE
-75.0343240914636,40.0313555515891,1362,226518002,,,ST HUBERTS CATHOLIC HIGH SCHOOL,ST HUBERT CATHOLIC HIGH SCHOOL FOR GIRLS,7320 TORRESDALE AVE,19136,(215) 624-6840,O,HIGH SCHOOL,9-12,,3,ARCHDIOCESE
-75.1265334424323,39.989969676544,1363,226519752,,,VISITATION SCHOOL,VISITATION B.V.M. SCHOOL,300-40 E LEHIGH AVE,19125,(215) 634-7280,O,ELEMENTARY/MIDDLE,PREK-8,,3,ARCHDIOCESE
-75.1102740466289,39.9814962622654,1364,226514252,,,MOTHER DIVINE GRACE SCHOOL,MOTHER OF DIVINE GRACE SCHOOL,2612 E MONMOUTH ST,19134,(215) 426-7325,O,ELEMENTARY/MIDDLE,PREK-8,,3,ARCHDIOCESE
-74.9859257449239,40.0568090089146,1365,226514352,,,NAZARETH ACADEMY GRADE SCHOOL,NAZARETH ACADEMY GRADE SCHOOL,4701 GRANT AVE,19114,(215) 637-7777,O,ELEMENTARY/MIDDLE,1-8,,3,PRIVATE
-74.9876275205726,40.0591431066216,1366,226514402,,,NAZARETH ACADEMY HIGH SCHOOL,NAZARETH ACADEMY HIGH SCHOOL,4001 GRANT AVE,19114,(215) 637-7676,O,HIGH SCHOOL,9-12,,3,PRIVATE
-75.1768104600649,39.9245565246392,1367,126515001,3776,2320,"GIRARD, STEPHEN SCHOOL",STEPHEN GIRARD SCHOOL,1800 SNYDER AVE,19145,(215) 400-8180,,ELEMENTARY SCHOOL,K-4,297,1,DISTRICT
-75.1452251593178,40.0387049134426,1368,126515001,3843,6050,"GIRLS, PHILA HIGH SCHOOL FOR",PHILADELPHIA HIGH SCHOOL FOR GIRLS,1400 W OLNEY AVE,19141,(215) 400-3700,,HIGH SCHOOL,9-12,596,1,DISTRICT
-75.2381330700406,39.9925549087404,1369,126515001,3668,4280,"GOMPERS, SAMUEL SCHOOL",SAMUEL GOMPERS SCHOOL,5701 WYNNEFIELD AVE,19131,(215) 400-7250,,ELEMENTARY/MIDDLE,K-8,238,1,DISTRICT
-75.1835417103395,40.0123518482378,1370,,,3327,LAB SCH OF COMMUNICAT'N & LANG (East Falls Campus),LABORATORY CHARTER SCHOOL OF COMMUNICATION AND LANGUAGES (EAST FALLS),3300 HENRY AVE,19129,(267) 817-4720,O,MIDDLE SCHOOL,6-8,,2,CHARTER
-75.2090744687642,39.9638796580749,1371,226518062,,,OUR MOTHER OF SORROWS/ST IGNATIUS OF LOYOLA SCHOOL,OUR MOTHER OF SORROWS/ST IGNATIUS OF LOYOLA SCHOOL,617 N 43RD ST,19104,(215) 222-3626,O,ELEMENTARY/MIDDLE,K-8,,3,PRIVATE
-74.9878482048175,40.0807023824213,1372,126515001,,8320,JOHN HANCOCK DEMONSTRATION MIDDLE SCHOOL- LABRUM CAMPUS,JOHN HANCOCK DEMONSTRATION MIDDLE SCHOOL- LABRUM CAMPUS,10800 HAWLEY RD,19154,(215) 400-3122,O,MIDDLE SCHOOL,6-8,,1,DISTRICT
-75.1654592460757,39.9798569328805,1373,,,3374,ALLIANCE FOR PROGRESS CHARTER SCHOOL (ANNEX),ALLIANCE FOR PROGRESS CHARTER SCHOOL (ANNEX),1821 CECIL B MOORE AVE,19121,(215) 232-4892,O,MIDDLE SCHOOL,6-8,,2,CHARTER
-75.1580562211964,39.9514322380152,1374,126511530,,,FREIRE CHARTER SCHOOL,FREIRE CHARTER SCHOOL,1026 MARKET ST,19107,(267) 670-7499,,MIDDLE SCHOOL,5-8,,2,CHARTER
-75.2290849297002,39.9225159098781,1375,,,3810,ONE BRIGHT RAY-ELMWOOD CAMPUS,ONE BRIGHT RAY - ELMWOOD CAMPUS,6404 ELMWOOD AVE,19142,(215) 488-1177,,HIGH SCHOOL,9-12,124,1,CONTRACTED
-75.1380387298821,39.9941802907534,1376,,,8190,ONE BRIGHT RAY-FAIRHILL CAMPUS,ONE BRIGHT RAY - FAIRHILL CAMPUS,2820 N 4TH ST,19133,(215) 423-1776,,HIGH SCHOOL,9-12,262,1,CONTRACTED
-75.10560096025,40.0052800004294,1377,,,8890,ONE BRIGHT RAY-SIMPSON CAMPUS,ONE BRIGHT RAY - SIMPSON CAMPUS,1142 E ERIE AVE,19124,(215) 744-6000,,HIGH SCHOOL,9-12,261,1,CONTRACTED
-75.1520599505873,40.0308530602314,1378,126515001,3718,6300,"LOGAN, JAMES SCHOOL",JAMES LOGAN SCHOOL,1700 LINDLEY AVE,19141,(215) 400-3670,,ELEMENTARY SCHOOL,K-5,231,1,DISTRICT
-75.1668809426027,40.0553673266236,1379,300513890,,,GREEN TREE SCHOOL,GREEN TREE SCHOOL,1196 E WASHINGTON LN,19138,(215) 866-0200,O,SPECIAL CENTER,UNGRADED,,3,PRIVATE
-75.1655741992282,39.9341151329941,1380,,,3369,CHRISTOPHER COLUMBUS CHARTER SCHOOL (ANNEX),CHRISTOPHER COLUMBUS CHARTER SCHOOL (SOUTH),1242 S 13TH ST,19147,(215) 389-6000,O,MIDDLE SCHOOL,5-8,,2,CHARTER
-75.2324374017805,39.9407043300914,1381,126515001,6533,1350,"LONGSTRETH, WILLIAM C. SCHOOL",WILLIAM C. LONGSTRETH SCHOOL,5700 WILLOWS AVE,19143,(215) 400-7870,,ELEMENTARY/MIDDLE,K-8,278,1,DISTRICT
-75.2121501997638,40.026225347843,1382,326514508,,,CB COMMUNITY SCHOOLS,CB COMMUNITY SCHOOLS,4101 FREELAND AVE,19128,(267) 766-3130,,HIGH SCHOOL,9-12,,3,PRIVATE
-75.1763390971948,39.9715733134433,1383,226517510,,,CITY SCHOOL AT FAIRMOUNT,THE CITY SCHOOL AT FAIRMOUNT,860 N 24TH ST,19130,(215) 769-5363,,ELEMENTARY SCHOOL,PREK-5,,3,PRIVATE
-75.1262933297939,40.015476180964,1384,326512995,,,COMMUNITY COUNCIL LEARNING ACADEMY,COMMUNITY COUNCIL LEARNING ACADEMY,4224 N FRONT ST,19140,(215) 845-2670,,ELEMENTARY/MIDDLE/HIGH,1-12,,3,PRIVATE
-75.1764454724389,40.0336765476524,1385,,,6955,HIGH ROAD SCHOOL OF PHILADELPHIA- GERMANTOWN,HIGH ROAD SCHOOL OF PHILADELPHIA- GERMANTOWN,5612 GREENE ST,19144,(267) 270-4665,O,MIDDLE/HIGH,6-12,,3,PRIVATE
-75.1861853213112,40.0223388092673,1386,226515412,,,WILLIAM PENN CHARTER SCHOOL,WILLIAM PENN CHARTER SCHOOL,3000 W SCHOOL HOUSE LN,19144,(215) 844-3460,O,ELEMENTARY/MIDDLE/HIGH,PREK-12,,3,PRIVATE
-75.22238305951,39.9544048857297,1387,226510695,,,BEULAH BAPTIST CHRISTIAN DAY SCHOOL,BEULAH BAPTIST CHRISTIAN DAY SCHOOL,5001 SPRUCE ST,19139,(215) 747-3347,O,ELEMENTARY/MIDDLE,K-8,,3,PRIVATE
-75.0871964258082,40.0153504025372,1388,226511622,,,FRANKFORD FRIENDS SCHOOL,FRANKFORD FRIENDS SCHOOL,1500 ORTHODOX ST,19124,(215) 533-5368,O,ELEMENTARY/MIDDLE,PREK-8,,3,PRIVATE
-75.1721218692185,40.0426968743007,1389,226512992,,,LOTUS ACADEMY,LOTUS ACADEMY,340 E HAINES ST,19144,(215) 438-7500,O,ELEMENTARY SCHOOL,PREK-4,,3,PRIVATE
-75.1547169995902,40.0494270004526,1390,126512980,7542,3309,IMHOTEP CHARTER SCHOOL,IMHOTEP INSTITUTE CHARTER HIGH SCHOOL,6201 N 21ST ST,19138,(215) 438-4140,,HIGH SCHOOL,9-12,597,2,CHARTER
-75.1690056208506,39.9449388777306,1391,126513510,7683,3341,INDEPENDENCE CHARTER SCHOOL,INDEPENDENCE CHARTER SCHOOL,1600 LOMBARD ST,19146,(215) 238-8000,,ELEMENTARY/MIDDLE,K-8,803,2,CHARTER
-75.2253025145566,39.9371484739265,1392,126512039,,3442,INDEPENDENCE CHARTER WEST,INDEPENDENCE CHARTER SCHOOL WEST,5600 CHESTER AVE,19143,(215) 724-5600,,ELEMENTARY/MIDDLE,K-8,823,2,CHARTER
-75.2121763121233,39.9749947392129,1393,126513070,,3308,INQUIRY CHARTER SCHOOL,INQUIRY CHARTER SCHOOL,1301 BELMONT AVE,19104,(215) 386-5768,,ELEMENTARY SCHOOL,K-5,271,2,CHARTER
-75.0440367105502,40.027482752961,1394,182514568,7979,3389,KEYSTONE ACADEMY CHARTER,KEYSTONE ACADEMY CHARTER SCHOOL,4521 LONGSHORE AVE,19135,(215) 332-2111,,ELEMENTARY/MIDDLE,K-8,645,2,CHARTER
-75.2212001734954,39.9798733132881,1395,126514864,,3353,KIPP DUBOIS CHARTER SCHOOL,KIPP DUBOIS COLLEGIATE ACADEMY,5070 PARKSIDE AVE,19131,(215) 307-3465,,HIGH SCHOOL,9-12,523,2,CHARTER
-75.2212131085437,39.979591365288,1396,126515492,,3443,KIPP WEST PHILA CHARTER SCHOOL,KIPP WEST PHILADELPHIA ELEMENTARY ACADEMY,5070 PARKSIDE AVE,19131,(267) 787-5700,,ELEMENTARY SCHOOL,K-4,842,2,CHARTER
-75.1617266706616,39.9400238507418,1397,126515001,7904,2620,ACADEMY AT PALUMBO,ACADEMY AT PALUMBO,1100 CATHARINE ST,19147,(215) 400-8130,,HIGH SCHOOL,9-12,1226,1,DISTRICT
-75.1302790687679,39.9724860332449,1398,126515001,7256,5200,"ADAIRE, ALEXANDER SCHOOL",ALEXANDER ADAIRE SCHOOL,1300 E PALMER ST,19125,(215) 400-7480,,ELEMENTARY/MIDDLE,K-8,450,1,DISTRICT
-75.183604961272,39.997182351098,1399,126515001,5292,4440,"ALLEN, DR. ETHEL SCHOOL",DR. ETHEL ALLEN SCHOOL,3200 W LEHIGH AVE,19132,(215) 400-7040,,ELEMENTARY/MIDDLE,K-8,306,1,DISTRICT
-75.0619167225252,40.029845387429,1400,126515001,3758,8200,"ALLEN, ETHAN SCHOOL",ETHAN ALLEN SCHOOL ,6329 BATTERSBY ST,19149,(215) 400-3270,,ELEMENTARY/MIDDLE,K-8,958,1,DISTRICT
-75.0972866361681,39.9853663057512,1401,126515001,6823,5430,AMY 5 AT JAMES MARTIN,ALTERNATIVE MIDDLE YEARS AT JAMES MARTIN ,3380 RICHMOND ST,19134,(215) 400-7190,,MIDDLE SCHOOL,6-8,208,1,DISTRICT
-75.2127867392872,40.0310606321734,1402,126515001,7024,6480,AMY NORTHWEST,ACADEMY FOR THE MIDDLE YEARS AT NORTHWEST,6000 RIDGE AVE,19128,(215) 400-3460,,MIDDLE SCHOOL,6-8,150,1,DISTRICT
-75.2457169998686,39.946726000326,1403,126515001,3804,1460,"ANDERSON, ADD B. SCHOOL",ADD B. ANDERSON SCHOOL,1034 S 60TH ST,19143,(215) 400-7890,,ELEMENTARY/MIDDLE,K-8,331,1,DISTRICT
-75.1758986256176,39.9418644651471,1404,126515001,3805,2480,MARIAN ANDERSON NEIGHBORHOOD ACADEMY,MARIAN ANDERSON NEIGHBORHOOD ACADEMY,2000 CATHARINE ST,19146,(215) 400-7940,,ELEMENTARY/MIDDLE,K-8,339,1,DISTRICT
-75.0813314616159,40.0621902887023,1405,126515001,3762,8230,"CROSSAN, KENNEDY C. SCHOOL",KENNEDY C. CROSSAN SCHOOL,7350 BINGHAM ST,19111,(215) 400-3160,,ELEMENTARY SCHOOL,K-5,327,1,DISTRICT
-75.1680865626186,40.0586302070348,1406,126515001,3706,6200,"DAY, ANNA B. SCHOOL",ANNA B. DAY SCHOOL,6324 CRITTENDEN ST,19138,(215) 400-3520,,ELEMENTARY/MIDDLE,K-8,288,1,DISTRICT
-75.1386274300872,39.9927516402774,1407,126515001,7175,5170,"DEBURGOS, J. ELEMENTARY",JULIA DE BURGOS SCHOOL,401 W LEHIGH AVE,19133,(215) 400-7080,,ELEMENTARY/MIDDLE,K-8,550,1,DISTRICT
-74.9705695658241,40.0957320763664,1408,126515001,4727,8420,"DECATUR, STEPHEN SCHOOL",STEPHEN DECATUR SCHOOL,3500 ACADEMY RD,19154,(215) 400-3050,,ELEMENTARY/MIDDLE,K-8,1029,1,DISTRICT
-75.1737870003521,39.9867299995588,1409,126515001,3786,4270,"DICK, WILLIAM SCHOOL",WILLIAM DICK SCHOOL,2498 W DIAMOND ST,19121,(215) 400-7340,,ELEMENTARY/MIDDLE,K-8,343,1,DISTRICT
-75.0467403313706,40.0283386186039,1410,126515001,3763,8240,"DISSTON, HAMILTON SCHOOL",HAMILTON DISSTON SCHOOL,6801 COTTAGE ST,19135,(215) 400-3350,,ELEMENTARY/MIDDLE,K-8,740,1,DISTRICT
-75.1668959217613,39.9951425235826,1411,126515001,3841,4060,"DOBBINS, MURRELL HIGH SCHOOL",MURRELL DOBBINS CAREER AND TECHNICAL HIGH SCHOOL,2150 W LEHIGH AVE,19132,(215) 400-7050,,HIGH SCHOOL,9-12,582,1,DISTRICT
-75.2305457201817,40.0314162762326,1412,126515001,3726,6450,"DOBSON, JAMES SCHOOL",JAMES DOBSON SCHOOL,4667 UMBRIA ST,19127,(215) 400-3570,,ELEMENTARY/MIDDLE,K-8,229,1,DISTRICT
-75.1589535680948,39.9853056434017,1413,126515001,5040,4460,"DUCKREY, TANNER SCHOOL",TANNER G. DUCKREY SCHOOL,1501 W DIAMOND ST,19121,(215) 400-7350,,ELEMENTARY/MIDDLE,K-8,419,1,DISTRICT
-75.1541780919364,39.9792000131763,1414,126515001,3687,5250,"DUNBAR, PAUL L. SCHOOL",PAUL L. DUNBAR SCHOOL,1750 N 12TH ST,19122,(215) 400-7410,,ELEMENTARY/MIDDLE,K-8,224,1,DISTRICT
-75.1294424968469,40.0118545100119,1415,126515001,3849,5020,"EDISON, THOMAS A. HIGH SCHOOL",THOMAS A. EDISON HIGH SCHOOL,151 W LUZERNE ST,19140,(215) 400-3900,,HIGH SCHOOL,9-12,1020,1,DISTRICT
-75.1709998691682,40.0729612572331,1416,126515001,3708,6210,"EDMONDS, FRANKLIN S. SCHOOL",FRANKLIN S. EDMONDS SCHOOL,8025 THOURON AVE,19150,(215) 400-3370,,ELEMENTARY/MIDDLE,K-8,363,1,DISTRICT
-75.1209123807794,39.9969928615849,1417,126515001,3688,5260,"ELKIN, LEWIS SCHOOL",LEWIS ELKIN SCHOOL,3199 D ST,19134,(215) 400-7140,,ELEMENTARY SCHOOL,K-4,456,1,DISTRICT
-75.1385380940791,40.0550249498537,1418,126515001,3738,7260,ELLWOOD SCHOOL,ELLWOOD SCHOOL,6701 N 13TH ST,19126,(215) 400-3540,,ELEMENTARY SCHOOL,K-5,263,1,DISTRICT
-75.1781402975544,40.0541028792764,1419,126515001,3709,6220,"EMLEN, ELEANOR C. SCHOOL",ELEANOR C. EMLEN SCHOOL,6501 CHEW AVE,19119,(215) 400-3470,,ELEMENTARY SCHOOL,K-5,267,1,DISTRICT
-75.1612778907416,39.9834180895182,1420,126515001,7023,4030,ENGINEERING & SCIENCE HIGH,HIGH SCHOOL OF ENGINEERING AND SCIENCE,1600 W NORRIS ST,19121,(215) 400-7380,,MIDDLE/HIGH,7-12,851,1,DISTRICT
-75.0523379839886,40.0664861382927,1421,126515001,7235,8380,"FARRELL, LOUIS H. SCHOOL",LOUIS H. FARRELL SCHOOL,8300 CASTOR AVE,19152,(215) 400-3230,,ELEMENTARY/MIDDLE,K-8,1189,1,DISTRICT
-75.1631073586769,39.9154511155284,1422,126515001,7226,2190,"FELL, D. NEWLIN SCHOOL",D. NEWLIN FELL SCHOOL,900 W OREGON AVE,19148,(215) 400-8260,,ELEMENTARY/MIDDLE,K-8,530,1,DISTRICT
-75.0924110678754,40.0362212632326,1423,126515001,3816,7120,"FELS, SAMUEL HIGH SCHOOL",SAMUEL FELS HIGH SCHOOL,5500 LANGDON ST,19124,(215) 400-7100,,HIGH SCHOOL,9-12,1259,1,DISTRICT
-75.1216704087118,40.0193361685736,1424,126515001,7368,7500,FELTONVILLE ARTS & SCIENCES,FELTONVILLE SCHOOL OF ARTS AND SCIENCES,210 E COURTLAND ST,19120,(215) 400-3810,,MIDDLE SCHOOL,6-8,542,1,DISTRICT
-75.1210256402893,40.0203400203249,1425,126515001,3751,7310,FELTONVILLE INTERMEDIATE,FELTONVILLE INTERMEDIATE SCHOOL,238 E WYOMING AVE,19120,(215) 400-3730,,ELEMENTARY SCHOOL,3-5,517,1,DISTRICT
-75.1191760006802,40.0436080000095,1426,126515001,3739,7270,"FINLETTER, THOMAS K. SCHOOL",THOMAS K. FINLETTER SCHOOL,6100 N FRONT ST,19120,(215) 400-3750,,ELEMENTARY/MIDDLE,K-8,607,1,DISTRICT
-75.1663373296687,40.026100520364,1427,126515001,6913,6230,FITLER ACADEMICS PLUS,FITLER ACADEMICS PLUS SCHOOL,140 W SEYMOUR ST,19144,(215) 400-3610,,ELEMENTARY/MIDDLE,K-8,159,1,DISTRICT
-74.9765290003166,40.0803060002588,1428,126515001,3731,8390,"FITZPATRICK, A. L. SCHOOL",A.L. FITZPATRICK SCHOOL,11061 KNIGHTS RD,19154,(215) 400-3060,,ELEMENTARY/MIDDLE,K-8,844,1,DISTRICT
-75.1610477587507,39.9275783985809,1429,226519042,,,ST ANTHONY OF PADUA REGIONAL CATHOLIC SCHOOL,ST ANTHONY OF PADUA REGIONAL CATHOLIC SCHOOL,913 PIERCE ST,19148,(215) 468-0353,O,ELEMENTARY/MIDDLE,PREK-8,,3,ARCHDIOCESE
-75.1768661232362,39.9665718175349,1430,226517652,,,ST FRANCIS XAVIER SCHOOL,ST FRANCIS XAVIER SCHOOL,641-51 N 24TH ST,19130,(215) 763-6564,O,ELEMENTARY/MIDDLE,PREK-8,,3,ARCHDIOCESE
-75.1619641975709,39.9582995394822,1431,226515602,,,ROMAN CATHOLIC HIGH SCHOOL,ROMAN CATHOLIC HIGH SCHOOL,301 N BROAD ST,19107,(215) 627-1270,O,HIGH SCHOOL,9-12,,3,ARCHDIOCESE
-75.1552085830998,39.9575319697436,1432,226512352,,,HOLY REDEEMER SCHOOL,HOLY REDEEMER CHINESE CATHOLIC SCHOOL,903-27 VINE ST,19107,(215) 922-0999,O,ELEMENTARY/MIDDLE,K-8,,3,ARCHDIOCESE
-75.1447160851647,40.0135207186327,1433,226512952,,,LITTLE FLOWER CATHOLIC SCHOOL,LITTLE FLOWER CATHOLIC SCHOOL,1000 W LYCOMING ST,19140,(215) 455-6900,O,HIGH SCHOOL,9-12,,3,ARCHDIOCESE
-75.0306984440249,40.0558592241236,1434,226510502,,,SAINT LUCY SCHOOL FOR THE VISUALLY IMPAIRED,SAINT LUCY SCHOOL FOR THE VISUALLY IMPAIRED,3031 STAMFORD ST,19136,(215) 333-2496,O,ELEMENTARY/MIDDLE,K-8,,3,ARCHDIOCESE
-75.138975382081,40.0049121200134,1435,226519442,,,ST VERONICA SCHOOL,ST VERONICA SCHOOL,3501-25 N 6TH ST,19140,(215) 225-1575,O,ELEMENTARY/MIDDLE,K-8,,3,PRIVATE
-75.0933487825484,39.9885891059156,1436,226517752,,,ST GEORGE SCHOOL,ST GEORGE SCHOOL,2700 E VENANGO ST,19134,(215) 634-8803,O,ELEMENTARY/MIDDLE,PREK-8,,3,ARCHDIOCESE
-75.147287139462,39.9677219358619,1437,226511132,,,THE CITY SCHOOL,THE CITY SCHOOL,910 N 6TH ST,19123,(215) 731-1930,O,MIDDLE/HIGH,6-12,,3,PRIVATE
-74.9740810656763,40.0826490029494,1438,126515001,8039,8040,ARTS ACADEMY AT BENJAMIN RUSH,ARTS ACADEMY AT BENJAMIN RUSH,11081 KNIGHTS RD,19154,(215) 400-3030,,HIGH SCHOOL,9-12,600,1,DISTRICT
-75.1721467375302,40.0325065224159,1439,226511702,,,GERMANTOWN FRIENDS SCHOOL,GERMANTOWN FRIENDS SCHOOL,31 W COULTER ST,19144,(215) 951-2300,O,ELEMENTARY/MIDDLE/HIGH,PREK-12,,3,PRIVATE
-75.1745779688884,40.0332560244769,1440,226511952,,,GREENE STREET FRIENDS SCHOOL,GREENE STREET FRIENDS SCHOOL,5511 GREENE ST,19144,(215) 438-7000,O,ELEMENTARY/MIDDLE,PREK-8,,3,PRIVATE
-75.183579153851,40.0339285391087,1441,300517255,,,WALDORF SCHOOL OF PHILADELPHIA,WALDORF SCHOOL OF PHILADELPHIA,6000 WAYNE AVE,19144,(215) 248-1662,O,ELEMENTARY/MIDDLE,PREK-8,,3,PRIVATE
-75.1859343048529,40.0533501717855,1442,226510019,,,JESUS IS THE WAY CHRISTIAN ACADEMY,JESUS IS THE WAY CHRISTIAN ACADEMY,6753 GERMANTOWN AVE,19119,(267) 970-9779,O,ELEMENTARY/MIDDLE,PREK-8,,3,PRIVATE
-75.1506334659442,39.9473811969057,1443,326510174,,,"CHESTERBROOK ACADEMY
",CHESTERBROOK ACADEMY,510 WALNUT ST,19106,(215) 709-9354,O,PRE-K/KINDERGARTEN,PREK-K,,3,PRIVATE
-75.1589960665817,40.0026754849042,1444,226510080,,,CRISTO REY PHILADELPHIA HIGH SCHOOL,CRISTO REY PHILADELPHIA HIGH SCHOOL,1717 W ALLEGHENY AVE,19132,(215) 219-3943,O,HIGH SCHOOL,9-12,,3,PRIVATE
-75.1153821818659,40.0273028798283,1445,226510081,,,OLNEY CHRISTIAN SCHOOL,OLNEY CHRISTIAN SCHOOL,425 E ROOSEVELT BLVD,19120,(215) 324-2323,O,ELEMENTARY SCHOOL,K-8,,3,PRIVATE
-75.1676118092506,39.9225741023207,1446,226511502,,,OUR LADY OF HOPE REGIONAL CATHOLIC SCHOOL,OUR LADY OF HOPE,1248 JACKSON ST,19148,(215) 467-5385,O,ELEMENTARY/MIDDLE,PREK-8,,3,ARCHDIOCESE
-75.1821283304069,39.9100570090987,1447,226510086,,,PHILADELPHIA CLASSICAL SCHOOL,PHILADELPHIA CLASSICAL SCHOOL,3301 S 20TH ST,19145,(267) 990-2698,O,ELEMENTARY/MIDDLE/HIGH,K-12,,3,PRIVATE
-75.218436905368,39.9443810635495,1448,226510071,,,PHILADELPHIA FREE SCHOOL,PHILADELPHIA FREE SCHOOL,4950 SPRINGFIELD AVE,19143,(215) 218-9586,O,ELEMENTARY/MIDDLE/HIGH,PREK-12,,3,PRIVATE
-75.1742733665602,40.0320210889528,1449,300517000,,,PENNSYLVANIA SCHOOL FOR THE DEAF,PENNSYLVANIA SCHOOL FOR THE DEAF,100-52 W SCHOOL HOUSE LA,19144,(215) 951-4700,O,ELEMENTARY/MIDDLE/HIGH,PREK-12,,3,PRIVATE
-75.2502436025245,39.9828301320367,1450,300516590,,,OVERBROOK SCHOOL FOR BLIND,OVERBROOK SCHOOL FOR BLIND,6333 MALVERN AVE,19151,(215) 877-0313,O,ELEMENTARY/MIDDLE/HIGH,PREK-12,,3,PRIVATE
-75.1717305669048,39.9738716095096,1451,226511852,,,GIRARD COLLEGE,GIRARD COLLEGE,2101 S COLLEGE AVE,19121,(215) 787-2600,O,ELEMENTARY/MIDDLE/HIGH,1-12,,3,PRIVATE
-75.2067540066754,39.95003120483,1452,226515832,,,THE CITY SCHOOL AT SPRUCE HILL,THE CITY SCHOOL AT SPRUCE HILL,4115 BALTIMORE AVE,19104,(215) 382-7839,O,ELEMENTARY SCHOOL,K-5,,3,PRIVATE
-75.0351651752428,40.0333526565898,1453,326510170,,,BRIDGE WAY SCHOOL,BRIDGE WAY SCHOOL,7360 JACKSON ST,19136,(267) 437-2194,O,UNGRADED,9-12,,3,PRIVATE
-75.2149610017304,39.9978459624687,1454,300515921,,,METHODIST SERVICES FOR CHILDREN AND FAMILIES,METHODIST SERVICES FOR CHILDREN AND FAMILIES,4300 MONUMENT RD,19131,(215) 877-1925,O,PRE-K/KINDERGARTEN,PREK-K,,3,PRIVATE
-75.1740771312509,39.9700252874485,1455,126515001,3618,2210,BACHE-MARTIN SCHOOL,BACHE-MARTIN SCHOOL,2201 BROWN ST,19130,(215) 400-7550,,ELEMENTARY/MIDDLE,K-8,581,1,DISTRICT
-75.0526308449662,40.0920060281079,1456,126515001,6824,8160,BALDI MIDDLE SCHOOL,BALDI SCHOOL,8801 VERREE RD,19115,(215) 400-3090,,MIDDLE SCHOOL,6-8,1509,1,DISTRICT
-75.2386037605873,39.9643749397617,1457,126515001,8029,1200,"BARRY, JOHN ELEMENTARY SCHOOL",JOHN BARRY SCHOOL,5900 RACE ST,19139,(215) 400-7640,,ELEMENTARY/MIDDLE,K-8,446,1,DISTRICT
-75.1195495940986,40.020373609694,1458,126515001,3732,7200,BARTON SCHOOL,CLARA BARTON SCHOOL,4600 ROSEHILL ST,19120,(215) 400-3720,,ELEMENTARY SCHOOL,K-2,490,1,DISTRICT
-75.2338615779729,39.9216831254994,1459,126515001,3847,1010,"BARTRAM, JOHN HIGH SCHOOL",JOHN BARTRAM HIGH SCHOOL,2401 S 67TH ST,19142,(215) 400-8100,,HIGH SCHOOL,9-12,589,1,DISTRICT
-75.1527722544854,39.9339414927683,1460,126515001,3659,2720,VARE-WASHINGTON ELEMENTARY,VARE-WASHINGTON SCHOOL,1198 S 5TH ST,19147,(215) 400-8120,,ELEMENTARY/MIDDLE,K-8,343,1,DISTRICT
-75.1741859996767,39.9763249996727,1461,126515001,,5180,VAUX HIGH SCHOOL,VAUX HIGH SCHOOL: A BIG PICTURE,2300 W MASTER ST,19121,(267) 507-9690,,HIGH SCHOOL,9-12,287,1,DISTRICT
-75.1606747693304,39.9681014097758,1462,126510004,7685,3335,PEOPLE FOR PEOPLE,PEOPLE FOR PEOPLE CHARTER SCHOOL,800 N BROAD ST,19130,(215) 763-7060,,ELEMENTARY/MIDDLE/HIGH,K-12,547,2,CHARTER
-75.2157262402775,39.9613656502929,1463,,,2530,PHILADELPHIA JUVENILE JUSTICE SERVICES CENTER,PHILADELPHIA JUVENILE JUSTICE SERVICES CENTER SCHOOL,91 N 48TH ST,19139,(215) 683-3495,,ELEMENTARY/MIDDLE/HIGH,K-12,184,1,DISTRICT
-75.1262885746348,40.0150452861232,1464,126515001,,8470,PHILADELPHIA LEARNING ACADEMY-NORTH,PHILADELPHIA LEARNING ACADEMY NORTH,4224 N FRONT ST,19140,(215) 400-9050,,MIDDLE/HIGH,8-12,74,1,DISTRICT
-75.2104489222594,39.9694577494363,1465,126515001,8121,8460,PHILADELPHIA LEARNING ACADEMY-WEST,PHILADELPHIA LEARNING ACADEMY WEST,4300 WESTMINSTER AVE,19104,(215) 400-9080,,HIGH SCHOOL,9-12,101,1,DISTRICT
-75.06666516407,40.0002731480946,1466,126515001,3745,7470,BRIDESBURG SCHOOL,BRIDESBURG SCHOOL,2824 JENKS ST,19137,(215) 400-7240,,ELEMENTARY/MIDDLE,K-8,525,1,DISTRICT
-75.1273528886016,39.9866007655954,1467,126515001,3684,5210,"BROWN, HENRY A. SCHOOL",HENRY A. BROWN SCHOOL,1946 E SERGEANT ST,19125,(215) 400-7490,,ELEMENTARY/MIDDLE,K-8,334,1,DISTRICT
-75.0246252015964,40.0434625873175,1468,126515001,6529,8210,"BROWN, JOSEPH H. SCHOOL",JOSEPH H. BROWN SCHOOL,3600 STANWOOD ST,19136,(215) 400-3320,,ELEMENTARY/MIDDLE,K-8,442,1,DISTRICT
-75.2435629997548,39.9527911813642,1469,126515001,3601,1230,"BRYANT, WILLIAM C. SCHOOL",WILLIAM C. BRYANT SCHOOL,6001 CEDAR AVE,19143,(215) 400-7910,,ELEMENTARY/MIDDLE,K-8,301,1,DISTRICT
-75.1524810003661,40.0536310003,1470,126515001,8332,5610,BUILDING 21,BUILDING 21,6501 LIMEKILN PIKE,19138,(215) 400-7450,,HIGH SCHOOL,9-12,371,1,DISTRICT
-75.0841420000545,40.0389569998864,1471,126515001,7230,7220,"CARNELL, LAURA H. SCHOOL",LAURA H. CARNELL SCHOOL,1100 DEVEREAUX AVE,19111,(215) 400-3150,,ELEMENTARY SCHOOL,K-5,645,1,DISTRICT
-75.2507673243203,39.9752057642657,1472,126515001,3664,4240,"CASSIDY,LEWIS C ACADEMICS PLUS",LEWIS C. CASSIDY ACADEMICS PLUS SCHOOL,6523 LANSDOWNE AVE,19151,(215) 400-7510,,ELEMENTARY/MIDDLE,K-8,306,1,DISTRICT
-75.2399109995978,39.927435000246,1473,126515001,3602,1250,"CATHARINE, JOSEPH SCHOOL",JOSEPH W. CATHARINE SCHOOL,6600 CHESTER AVE,19142,(215) 400-8150,,ELEMENTARY SCHOOL,K-5,400,1,DISTRICT
-75.1350576975422,40.0178140494342,1474,126515001,7404,5490,CAYUGA SCHOOL,CAYUGA SCHOOL,4344 N 5TH ST,19140,(215) 400-3850,,ELEMENTARY SCHOOL,K-5,361,1,DISTRICT
-75.1501075298294,40.0373293977995,1475,126515001,3848,6010,CENTRAL HIGH SCHOOL,CENTRAL HIGH SCHOOL,1700 W OLNEY AVE,19141,(215) 400-3590,,HIGH SCHOOL,9-12,2329,1,DISTRICT
-75.1704930003667,39.9346369997854,1476,126515001,3622,2260,"CHILDS, GEORGE W. SCHOOL",GEORGE W. CHILDS SCHOOL,1599 WHARTON ST,19146,(215) 400-7950,,ELEMENTARY/MIDDLE,K-8,437,1,DISTRICT
-75.1297359997178,40.0068189997667,1477,126515001,6767,7730,"CLEMENTE, ROBERTO MIDDLE SCHOOL",ROBERTO CLEMENTE SCHOOL,122 W ERIE AVE,19140,(215) 400-3930,,MIDDLE SCHOOL,6-8,260,1,DISTRICT
-75.2162889996761,39.9405200004362,1478,126515001,3782,1260,"COMEGYS, BENJAMIN B. SCHOOL",BENJAMIN B. COMEGYS SCHOOL,5100 GREENWAY AVE,19143,(215) 400-7860,,ELEMENTARY/MIDDLE,K-8,252,1,DISTRICT
-75.0091087996044,40.120964859453,1479,126515001,3760,8370,"COMLY, WATSON SCHOOL",WATSON COMLY SCHOOL,1001 BYBERRY RD,19116,(215) 400-3010,,ELEMENTARY SCHOOL,K-5,618,1,DISTRICT
-75.18179300014,39.9295920005011,1480,126515001,3629,2370,"MCDANIEL, DELAPLAINE SCHOOL",DELAPLAINE MCDANIEL SCHOOL,1801 S 22ND ST,19145,(215) 400-8220,,ELEMENTARY/MIDDLE,K-8,230,1,DISTRICT
-75.1412486595634,39.9830512778982,1481,126515001,5293,5350,"MCKINLEY, WILLIAM SCHOOL",WILLIAM MCKINLEY SCHOOL,2101 N ORKNEY ST,19122,(215) 400-7440,,ELEMENTARY/MIDDLE,K-8,285,1,DISTRICT
-75.1647179997526,39.9785869996672,1482,126515001,3630,4570,"MEADE, GEN. GEORGE G. SCHOOL",GENERAL GEORGE G. MEADE SCHOOL,1600 N 18TH ST,19121,(215) 400-7310,,ELEMENTARY/MIDDLE,K-8,291,1,DISTRICT
-75.1509983238488,39.9396621938909,1483,126515001,3649,2380,"MEREDITH, WILLIAM M. SCHOOL",WILLIAM M. MEREDITH SCHOOL,725 S 5TH ST,19147,(215) 400-7990,,ELEMENTARY/MIDDLE,K-8,556,1,DISTRICT
-75.1916090253599,40.0135299591428,1484,126515001,3720,6320,"MIFFLIN, THOMAS SCHOOL",THOMAS MIFFLIN SCHOOL,3624 CONRAD ST,19129,(215) 400-3830,,ELEMENTARY/MIDDLE,K-8,360,1,DISTRICT
-75.2236791685296,39.9368217761112,1485,126515001,3798,1370,MITCHELL ELEMENTARY SCHOOL,S. WEIR MITCHELL SCHOOL,5500 KINGSESSING AVE,19143,(215) 400-7880,,ELEMENTARY/MIDDLE,K-8,287,1,DISTRICT
-75.1359125504147,39.9747321049644,1486,126515001,3697,5370,"MOFFET, JOHN SCHOOL",JOHN MOFFET SCHOOL,127 W OXFORD ST,19122,(215) 400-7390,,ELEMENTARY SCHOOL,K-5,218,1,DISTRICT
-75.0769120004206,40.0491350004486,1487,126515001,3770,8310,"MOORE, J. HAMPTON SCHOOL",J. HAMPTON MOORE SCHOOL,6900 SUMMERDALE AVE,19111,(215) 400-3180,,ELEMENTARY SCHOOL,K-5,1194,1,DISTRICT
-75.1786600001118,39.9754389995936,1488,126515001,4868,2390,"MORRIS, ROBERT SCHOOL",ROBERT MORRIS SCHOOL,2600 W THOMPSON ST,19121,(215) 400-7320,,ELEMENTARY/MIDDLE,K-8,215,1,DISTRICT
-75.1295056341895,40.0295009877637,1489,126515001,3749,7390,"MORRISON, ANDREW J. SCHOOL",ANDREW J. MORRISON SCHOOL,5100 N 3RD ST,19120,(215) 400-3780,,ELEMENTARY/MIDDLE,K-8,512,1,DISTRICT
-75.2269040230094,39.9236662281504,1490,126515001,6535,1380,"MORTON, THOMAS G. SCHOOL",THOMAS G. MORTON SCHOOL,2501 S 63RD ST,19142,(215) 400-8160,,ELEMENTARY SCHOOL,K-5,356,1,DISTRICT
-75.2418442201685,39.9445319905671,1491,126515001,7815,1190,MOTIVATION HIGH SCHOOL,MOTIVATION HIGH SCHOOL,5900 BALTIMORE AVE,19143,(215) 400-7930,,HIGH SCHOOL,9-12,201,1,DISTRICT
-75.1355523403438,40.0011598845783,1492,126515001,7522,5680,"MUNOZ-MARIN, HON LUIS SCHOOL",HONORABLE LUIS MUNOZ-MARIN SCHOOL,3300 N 3RD ST,19140,(215) 400-3920,,ELEMENTARY/MIDDLE,K-8,499,1,DISTRICT
-75.2158147934414,39.9644359482415,1493,126515001,7022,1580,MYA-MIDDLE YEARS ALTERNATIVE,MIDDLE YEARS ALTERNATIVE SCHOOL,4725 FAIRMOUNT AVE,19139,(215) 400-7720,,MIDDLE SCHOOL,5-8,128,1,DISTRICT
-75.1538300001114,39.9366940002475,1494,126515001,3650,2590,"NEBINGER, GEORGE W. SCHOOL",GEORGE W. NEBINGER SCHOOL,601 CARPENTER ST,19147,(215) 400-8110,,ELEMENTARY/MIDDLE,K-8,374,1,DISTRICT
-75.1626440495439,39.961021589463,1495,126515001,,8780,PHILADELPHIA VIRTUAL ACADEMY,PHILADELPHIA VIRTUAL ACADEMY,440 N BROAD ST,19130,(215) 400-3110,,ELEMENTARY/MIDDLE/HIGH,K-12,921,1,DISTRICT
-75.0275948707761,40.0597631391261,1496,126515001,3801,8410,"POLLOCK, ROBERT B. SCHOOL",ROBERT B. POLLOCK SCHOOL,2875 WELSH RD,19152,(215) 400-3210,,ELEMENTARY/MIDDLE,K-8,845,1,DISTRICT
-75.1548177713478,39.917126759721,1497,126515001,3657,2690,"TAGGART, JOHN H. SCHOOL",JOHN H. TAGGART SCHOOL,400 W PORTER ST,19148,(215) 400-8290,,ELEMENTARY/MIDDLE,K-8,484,1,DISTRICT
-75.1381404267349,40.0070708869227,1498,126515001,3755,7440,"TAYLOR, BAYARD SCHOOL",BAYARD TAYLOR SCHOOL,3698 N RANDOLPH ST,19140,(215) 400-3880,,ELEMENTARY SCHOOL,K-5,395,1,DISTRICT
-75.1297359997178,40.0068189997667,1499,126515001,,5660,THE LINC,THE LINC,122 W ERIE AVE,19140,(215) 400-3940,,HIGH SCHOOL,9-12,223,1,DISTRICT
-75.1462560001963,39.9819829997877,1500,126515001,,5620,THE U SCHOOL,THE U SCHOOL,2000 N 7TH ST,19122,(215) 400-7460,,HIGH SCHOOL,9-12,195,1,DISTRICT
-75.2185532904991,39.9553058896276,1501,126515001,8328,8560,THE WORKSHOP SCHOOL,THE WORKSHOP SCHOOL,221 S HANSON ST,19139,(215) 400-7730,,HIGH SCHOOL,9-12,214,1,DISTRICT
-75.232358071053,39.9213914094744,1502,126515001,3832,1130,TILDEN MIDDLE SCHOOL,WILLIAM T. TILDEN SCHOOL,6601 ELMWOOD AVE,19142,(215) 400-8170,,MIDDLE SCHOOL,5-8,266,1,DISTRICT
-75.1654837502338,39.9394199201992,1503,126515001,6996,2020,CREATIVE AND PERFORMING ARTS,HIGH SCHOOL FOR CREATIVE AND PERFORMING ARTS SCHOOL,901 S BROAD ST,19147,(215) 400-8140,,HIGH SCHOOL,9-12,646,1,DISTRICT
-75.2055509793296,39.9707322443329,1504,126513070,7557,3308,BELMONT ACADEMY CHARTER SCHOOL,BELMONT ACADEMY CHARTER SCHOOL,907 N 41ST ST,19104,(215) 386-5768,O,ELEMENTARY SCHOOL,PREK-K,240,2,CHARTER
-75.0171157012663,40.1048749663119,1505,,,3322,PHILADELPHIA ACADEMY CHARTER SCHOOL (ANNEX),PHILADELPHIA ACADEMY CHARTER SCHOOL,1700 TOMLINSON RD,19116,(215) 673-3990,O,HIGH SCHOOL,9-12,,2,CHARTER
-75.0282220001821,40.0882879999167,1506,126515001,3803,8400,"FRANK, ANNE SCHOOL",ANNE FRANK SCHOOL,2000 BOWLER ST,19115,(215) 400-3070,,ELEMENTARY SCHOOL,K-5,1622,1,DISTRICT
-75.085153299292,40.0216292635812,1507,126515001,3850,7010,FRANKFORD HIGH SCHOOL,FRANKFORD HIGH SCHOOL,5000 OXFORD AVE,19124,(215) 400-7200,,HIGH SCHOOL,9-12,911,1,DISTRICT
-75.1627529996906,39.9650489996572,1508,126515001,6822,2290,FRANKLIN LEARNING CENTER,FRANKLIN LEARNING CENTER,616 N 15TH ST,19130,(215) 400-7570,,HIGH SCHOOL,9-12,918,1,DISTRICT
-75.1616399993992,39.9635299998603,1509,126515001,3851,2010,"FRANKLIN, BENJAMIN HIGH SCHOOL",BENJAMIN FRANKLIN HIGH SCHOOL,550 N BROAD ST,19130,(215) 400-7600,,HIGH SCHOOL,9-12,570,1,DISTRICT
-75.1042930779703,40.0424482429562,1510,126515001,7231,7280,"FRANKLIN, BENJAMIN SCHOOL",BENJAMIN FRANKLIN SCHOOL,5737 RISING SUN AVE,19120,(215) 400-3760,,ELEMENTARY/MIDDLE,K-8,571,1,DISTRICT
-75.1505849997142,39.9237619995179,1511,126515001,3818,2160,"FURNESS, HORACE HIGH SCHOOL",FURNESS HIGH SCHOOL,1900 S 3RD ST,19148,(215) 400-8300,,HIGH SCHOOL,9-12,896,1,DISTRICT
-75.1807633815337,39.98437491988,1512,126515001,3625,4530,"GIDEON, EDWARD SCHOOL",EDWARD GIDEON SCHOOL,2817 W GLENWOOD AVE,19121,(215) 400-7360,,ELEMENTARY/MIDDLE,K-8,205,1,DISTRICT
-75.1829564114473,39.9218315761598,1513,126515001,7664,2410,GIRARD ACADEMIC MUSIC PROGRAM,GIRARD ACADEMIC MUSIC PROGRAM,2136 W RITNER ST,19145,(215) 400-8230,,MIDDLE/HIGH,5-12,635,1,DISTRICT
-75.2284370007218,39.9757989997203,1514,126510022,7909,3383,MASTERY CHARTER-SHOEMAKER,MASTERY CHARTER SCHOOL AT SHOEMAKER,5301 MEDIA ST,19131,(267) 296-7111,,MIDDLE/HIGH,7-12,713,2,CHARTER
-75.1636467513393,39.9146709594964,1515,126510023,7910,3385,MASTERY CHARTER-THOMAS CAMPUS,MASTERY CHARTER SCHOOL AT THOMAS CAMPUS,927 JOHNSTON ST,19148,(267) 236-0036,,ELEMENTARY?MIDDLE/HIGH,K-12,1315,2,CHARTER
-75.1580390006084,39.9920380002474,1516,126514059,,3437,KIPP NORTH PHILADELPHIA CHARTER SCHOOL,KIPP NORTH PHILADELPHIA ACADEMY,2539 N 16TH ST,19132,(267) 758-2509,,ELEMENTARY/MIDDLE,K-7,678,2,CHARTER
-75.2477179326887,39.9846141197281,1517,126510015,7825,3379,AD PRIMA CHARTER SCHOOL,AD PRIMA CHARTER SCHOOL,1922 N 63RD ST,19151,(267) 403-2672,,ELEMENTARY/MIDDLE,K-8,609,2,CHARTER
-75.1639464266362,39.9792849999811,1518,126512990,7543,3315,ALLIANCE FOR PROGRESS CHARTER,ALLIANCE FOR PROGRESS CHARTER SCHOOL,"1722 CECIL B MOORE AVE
",19121,(215) 232-4892,,ELEMENTARY SCHOOL,K-5,621,2,CHARTER
-75.1308530758714,40.0131215386459,1519,104510394,8031,3395,ANTONIA PANTOJA CHARTER SCHOOL,ANTONIA PANTOJA CHARTER SCHOOL,4101 N AMERICAN ST,19140,(215) 329-2733,,ELEMENTARY/MIDDLE,K-8,752,2,CHARTER
-75.1256444420555,39.9987298917836,1520,133513315,8149,3406,JOHN B STETSON MIDDLE SCHOOL,JOHN B STETSON MIDDLE SCHOOL,3200 B ST,19134,(215) 400-9150,,MIDDLE SCHOOL,5-8,538,1,DISTRICT
-75.1724214935498,40.0251082134133,1521,126515001,5294,6470,"KELLY, JOHN B. SCHOOL",JOHN B. KELLY SCHOOL,5116 PULASKI AVE,19144,(215) 400-3580,,ELEMENTARY SCHOOL,K-5,369,1,DISTRICT
-75.1540634698108,40.005112619077,1522,126515001,3795,4360,KENDERTON ELEMENTARY,KENDERTON ELEMENTARY SCHOOL,1500 W ONTARIO ST,19140,(215) 400-8340,,ELEMENTARY/MIDDLE,K-8,302,1,DISTRICT
-75.1334062072035,39.9773057133073,1523,126515001,7852,5520,KENSINGTON CAPA,KENSINGTON HIGH SCHOOL FOR CREATIVE AND PERFORMING ARTS,1901 N FRONT ST,19122,(215) 400-7400,,HIGH SCHOOL,9-12,509,1,DISTRICT
-75.1285104225718,39.9847326185923,1524,126515001,7855,5550,KENSINGTON HEALTH SCIENCES,KENSINGTON HEALTH SCIENCES ACADEMY,2463 EMERALD ST,19125,(215) 400-3600,,HIGH SCHOOL,9-12,457,1,DISTRICT
-75.1263690837556,39.9844316050371,1525,126515001,8143,5700,KENSINGTON HIGH SCHOOL,KENSINGTON HIGH SCHOOL,2051 E CUMBERLAND ST,19125,(215) 400-7700,,HIGH SCHOOL,9-12,459,1,DISTRICT
-75.1605097359252,39.9208831797287,1526,126515001,7228,2540,"KEY, FRANCIS SCOTT SCHOOL",FRANCIS S. KEY SCHOOL,2230 S 8TH ST,19148,(215) 400-8250,,ELEMENTARY SCHOOL,K-6,371,1,DISTRICT
-75.1616778553636,40.0564620249605,1527,126515001,6675,6060,"KING, MARTIN LUTHER HIGH SCHOOL",MARTIN LUTHER KING HIGH SCHOOL,6100 STENTON AVE,19138,(215) 400-3500,,HIGH SCHOOL,9-12,546,1,DISTRICT
-75.1564659995204,39.9300199997864,1528,126515001,3647,2580,"KIRKBRIDE, ELIZA B. SCHOOL",ELIZA B. KIRKBRIDE SCHOOL,1501 S 7TH ST,19147,(215) 400-7980,,ELEMENTARY/MIDDLE,K-8,489,1,DISTRICT
-75.2456141086698,39.9819822023219,1529,126515001,7472,4370,OVERBROOK ELEMENTARY SCHOOL,OVERBROOK ELEMENTARY SCHOOL,2032 N 62ND ST,19151,(215) 400-7520,,ELEMENTARY/MIDDLE,K-8,200,1,DISTRICT
-75.2385560002224,39.9810280001367,1530,126515001,3857,4020,OVERBROOK HIGH SCHOOL,OVERBROOK HIGH SCHOOL,5898 LANCASTER AVE,19131,(215) 400-7300,,HIGH SCHOOL,9-12,441,1,DISTRICT
-75.1592864998634,39.9630050104016,1531,126515001,7782,5080,PARKWAY CENTER CITY MIDDLE COLLEGE HIGH SCHOOL,PARKWAY CENTER CITY MIDDLE COLLEGE HIGH SCHOOL,540 N 13TH ST,19123,(215) 400-7620,,HIGH SCHOOL,9-12,437,1,DISTRICT
-75.2158085547254,39.9646026424632,1532,126515001,7808,5090,PARKWAY WEST HIGH SCHOOL,PARKWAY WEST HIGH SCHOOL,4725 FAIRMOUNT AVE,19139,(215) 400-7710,,HIGH SCHOOL,9-12,151,1,DISTRICT
-75.1651703669058,40.0564530955096,1533,126515001,6548,5070,PARKWAY-NORTHWEST HIGH SCHOOL,PARKWAY NORTHWEST HIGH SCHOOL,6200 CRITTENDEN ST,19138,(215) 400-3390,,HIGH SCHOOL,9-12,239,1,DISTRICT
-75.2367619993278,39.9160950003144,1534,126515001,3613,1400,"PATTERSON, JOHN M. SCHOOL",JOHN M. PATTERSON SCHOOL,7000 BUIST AVE,19142,(215) 400-8190,,ELEMENTARY SCHOOL,K-4,336,1,DISTRICT
-75.1683170543481,39.9986220304899,1535,126515001,3675,4380,"PEIRCE, THOMAS M. SCHOOL",THOMAS M. PEIRCE SCHOOL,2300 W CAMBRIA ST,19132,(215) 400-7020,,ELEMENTARY SCHOOL,K-5,273,1,DISTRICT
-75.2081869999629,39.9530989999409,1536,126515001,7706,1280,PENN ALEXANDER SCHOOL,SADIE ALEXANDER SCHOOL,4209 SPRUCE ST,19104,(215) 400-7760,,ELEMENTARY/MIDDLE,K-8,595,1,DISTRICT
-75.1271550438141,39.9727083207381,1537,126515001,7244,5160,PENN TREATY HIGH SCHOOL,PENN TREATY HIGH SCHOOL,600 E THOMPSON ST,19125,(215) 400-3800,,MIDDLE/HIGH,6-12,403,1,DISTRICT
-75.1507814774704,40.0433940035014,1538,126515001,3722,6340,"PENNELL, JOSEPH ELEMENTARY",JOSEPH PENNELL SCHOOL,1800 NEDRO AVE,19141,(215) 400-3680,,ELEMENTARY SCHOOL,K-5,270,1,DISTRICT
-75.1589464905624,40.0652550495601,1539,126515001,6539,6350,"PENNYPACKER, SAMUEL SCHOOL",SAMUEL PENNYPACKER SCHOOL,1858 E WASHINGTON LN,19138,(215) 400-3510,,ELEMENTARY/MIDDLE,K-8,299,1,DISTRICT
-75.2476230902229,39.9078123231605,1540,126515001,3616,1440,PENROSE SCHOOL,PENROSE SCHOOL,2515 S 78TH ST,19153,(215) 400-8310,,ELEMENTARY/MIDDLE,K-8,361,1,DISTRICT
-75.1544359419315,39.9854080807839,1541,126515001,7850,5050,PHILADELPHIA MILITARY ACADEMY,PHILADELPHIA MILITARY ACADEMY,2118 N 13TH ST,19122,(215) 400-7420,,HIGH SCHOOL,9-12,277,1,DISTRICT
-75.156536104182,40.0563224988013,1542,326510173,,,EXCELSIOR SCHOOL OF PHILADELPHIA,EXCELSIOR SCHOOL OF PHILADELPHIA,2106 HAINES ST,19138,(267) 900-5494,,ELEMENTARY SCHOOL,PREK-5,,3,PRIVATE
-75.142232024316,39.9630173392263,1543,326517786,,,QUADRAT ACADEMY,QUADRAT ACADEMY,222 BROWN ST,19123,(267) 997-7744,,MIDDLE/HIGH,6-12,,3,PRIVATE
-75.1648924319388,39.9483999367085,1544,326513292,,,REVOLUTION SCHOOL,REVOLUTION SCHOOL,230 S BROAD ST,19102,(215) 631-3697,,HIGH SCHOOL,9-12,,3,PRIVATE
-75.1297678582799,40.0413482852175,1545,226517319,,,SOPHIA ACADEMY,SOPHIA ACADEMY,5900 N 5TH ST,19120,(267) 595-4723,,HIGH SCHOOL,9-12,,3,PRIVATE
-75.1288900618717,40.0404986265546,1546,126515001,7232,7350,"LOWELL, JAMES R. SCHOOL",JAMES R. LOWELL SCHOOL,450 W NEDRO AVE,19120,(215) 400-3740,,ELEMENTARY SCHOOL,K-4,469,1,DISTRICT
-75.1458741020407,39.9725784370524,1547,126515001,3694,5340,"LUDLOW, JAMES R. SCHOOL",JAMES R. LUDLOW SCHOOL,550 W MASTER ST,19122,(215) 400-7430,,ELEMENTARY/MIDDLE,K-8,216,1,DISTRICT
-75.0874911598763,40.0146703147194,1548,126515001,3797,7360,"MARSHALL, JOHN SCHOOL",JOHN MARSHALL SCHOOL,4500 GRISCOM ST,19124,(215) 400-3950,,ELEMENTARY SCHOOL,K-5,250,1,DISTRICT
-75.1345624646199,40.0301801617259,1549,126515001,7521,5500,"MARSHALL, THURGOOD SCHOOL",THURGOOD MARSHALL SCHOOL,5120 N 6TH ST,19120,(215) 400-3770,,ELEMENTARY/MIDDLE,K-8,604,1,DISTRICT
-75.2036036988725,39.9752547638908,1550,126515001,7903,1030,HIGH SCHOOL OF THE FUTURE,HIGH SCHOOL OF THE FUTURE,4021 PARKSIDE AVE,19104,(215) 400-7790,,HIGH SCHOOL,9-12,569,1,DISTRICT
-75.2188790888434,40.0370117796178,1551,226514088,,,ROXBOROUGH CHRISTIAN SCHOOL,ROXBOROUGH CHRISTIAN SCHOOL,6301 RIDGE AVE,19128,(267) 804-5715,,ELEMENTARY SCHOOL,PREK-4,,3,PRIVATE
-75.2196027886925,40.0251637764552,1552,326510179,,,YALE SCHOOL OF PHILADELPHIA,YALE SCHOOL OF PHILADELPHIA,135 RECTOR ST,19127,(215) 839-0525,,ELEMENTARY/MIDDLE/HIGH,K-12,,3,PRIVATE
-75.160950673995,39.9407184676363,1553,226518471,,,PHILLY AGILE LEARNING COMMUNITY SCHOOL,PHILLY AGILE LEARNING COMMUNITY SCHOOL,756 S 11TH ST,19147,(484) 816-7788,,ELEMENTARY/MIDDLE/HIGH,K-12,,3,PRIVATE
-75.1364572728484,40.019472871401,1554,226513821,,,VOCATIO CAREER PREP HIGH SCHOOL,VOCATIO CAREER PREP HIGH SCHOOL,4455 N 6TH ST,19140,(267) 603-3093,,HIGH SCHOOL,9-12,,3,PRIVATE
-75.0649371621716,40.0078009860373,1555,126513450,7666,3331,FRANKLIN TOWNE CHARTER SCHOOL,FRANKLIN TOWNE CHARTER HIGH SCHOOL,5301 TACONY ST,19137,(215) 289-5000,,HIGH SCHOOL,9-12,1292,2,CHARTER
-75.0747243393158,39.995515990391,1556,147513703,8123,3403,FRANKLIN TOWNE ELEMENTARY,FRANKLIN TOWNE CHARTER ELEMENTARY SCHOOL,4259 RICHMOND ST,19137,(215) 289-3389,,ELEMENTARY/MIDDLE,K-8,963,2,CHARTER
-75.1744225895032,39.9524728898904,1557,126513270,7586,3318,FREIRE CHARTER SCHOOL,FREIRE CHARTER SCHOOL,2027 CHESTNUT ST,19103,(215) 557-8555,,HIGH SCHOOL,9-12,1020,2,CHARTER
-75.2268583300137,39.9533269095201,1558,126518004,,3428,G.L.A. CHARTER @ HUEY,GLOBAL LEADERSHIP ACADEMY AT HUEY,5200 PINE ST,19143,(215) 471-2978,,ELEMENTARY/MIDDLE,K-8,589,2,CHARTER
-75.1666280688128,39.9628357147828,1559,,,8100,GATEWAY TO COLLEGE,GATEWAY TO COLLEGE - COMMUNITY COLLEGE OF PHILADELPHIA,1700 SPRING GARDEN ST RM M1-24,19130,(215) 751-8540,,HIGH SCHOOL,9-12,88,1,CONTRACTED
-75.2155434065124,39.9733130527976,1560,126513380,7639,3337,GLOBAL LEADERSHIP ACADEMY,GLOBAL LEADERSHIP ACADEMY CHARTER SCHOOL,4601 W GIRARD AVE,19131,(215) 477-6672,,ELEMENTARY/MIDDLE,K-8,691,2,CHARTER
-75.2339965194264,40.0430940771111,1561,126510005,7748,3365,GREEN WOODS CHARTER SCHOOL,GREEN WOODS CHARTER SCHOOL,468 DOMINO LN,19128,(215) 482-6337,,ELEMENTARY/MIDDLE,K-8,703,2,CHARTER
-75.2522655211722,39.9732074349092,1562,126512850,7511,3302,HARAMBEE INSTITUTE OF SCIENCE,HARAMBEE INSTITUTE OF SCIENCE AND TECHNOLOGY CHARTER SCHOOL,640 N 66TH ST,19151,(215) 472-8770,,ELEMENTARY/MIDDLE,K-8,574,2,CHARTER
-75.2264469997381,39.9415620002347,1563,126513290,7588,3323,MASTERY CHARTER AT HARDY WILLIAMS,MASTERY CHARTER SCHOOL AT HARDY WILLIAMS,5400 WARRINGTON AVE,19143,(215) 724-2343,,ELEMENTARY/MIDDLE/HIGH,K-12,1251,2,CHARTER
-75.1128832378727,39.9861681881833,1564,126519392,8257,3423,MEMPHIS ST. CHARTER @ JP JONES,MEMPHIS STREET ACADEMY CHARTER SCHOOL AT J.P. JONES,2950 MEMPHIS ST,19134,(215) 291-4709,,MIDDLE SCHOOL,5-8,492,2,CHARTER
-75.1503548576602,40.0114244169392,1565,126513000,7546,3312,MULTI-CULTURAL ACADEMY,MULTICULTURAL ACADEMY CHARTER SCHOOL,3821 N BROAD ST,19140,(215) 457-6666,,HIGH SCHOOL,9-12,255,2,CHARTER
-75.0241869994173,40.0350700003237,1566,126513420,7649,3334,NEW FOUNDATIONS CHARTER SCHOOL,NEW FOUNDATIONS CHARTER SCHOOL,8001 TORRESDALE AVE,19136,(215) 624-8100,,ELEMENTARY/MIDDLE,K-8,1529,2,CHARTER
-75.0710778672641,40.0558769929072,1567,,,3850,NORTHEAST HIGH SCHOOL EOP,NORTHEAST HIGH SCHOOL EOP,1601 COTTMAN AVE,19111,(215) 400-3200,,HIGH SCHOOL,9-12,177,1,DISTRICT
-75.0947267769455,40.020359992596,1568,126510019,7856,3386,NORTHWOOD CHARTER SCHOOL,NORTHWOOD ACADEMY CHARTER SCHOOL,4621 CASTOR AVE,19124,(215) 289-5606,,ELEMENTARY/MIDDLE,K-8,796,2,CHARTER
-75.1450336837808,39.9583620607105,1569,,,8070,OIC CADI,OIC CADI,444 N 3RD ST,19123,(215) 567-2410,,HIGH SCHOOL,9-12,147,1,CONTRACTED
-75.2312923026131,39.9856077131825,1570,126519433,8152,3408,MASTERY CHARTER @ MANN,MASTERY CHARTER SCHOOL AT MANN,5376 W BERKS ST,19131,(215) 581-5516,,ELEMENTARY SCHOOL,K-6,574,2,CHARTER
-75.1614239994098,40.0482079997674,1571,126518795,3721,3426,MASTERY CHARTER @ PASTORIUS,MASTERY CHARTER SCHOOL AT PASTORIUS,5650 SPRAGUE ST,19138,(215) 951-5689,,ELEMENTARY/MIDDLE,K-8,645,2,CHARTER
-75.1807087298016,40.0321362513943,1572,151514721,7961,3393,MASTERY CHARTER @ PICKETT,MASTERY CHARTER SCHOOL AT PICKETT,5700 WAYNE AVE,19144,(215) 866-9000,,MIDDLE/HIGH,6-12,923,2,CHARTER
-75.1946950301183,39.9579153255438,1573,126515001,3783,1390,"POWEL, SAMUEL SCHOOL",SAMUEL POWEL SCHOOL,3610 WARREN ST,19104,(215) 400-7740,,ELEMENTARY SCHOOL,K-4,326,1,DISTRICT
-75.1495605206067,40.0477074202454,1574,126515001,6765,7490,PRINCE HALL SCHOOL,PRINCE HALL SCHOOL,6101 N GRATZ ST,19141,(215) 400-3690,,ELEMENTARY SCHOOL,K-5,328,1,DISTRICT
-75.1793048893351,40.0088544929054,1575,126515001,7813,6090,RANDOLPH TECHNICAL HIGH SCHOOL,A. PHILIP RANDOLPH CAREER AND TECHNICAL HIGH SCHOOL,3101 HENRY AVE,19129,(215) 400-3840,,HIGH SCHOOL,9-12,440,1,DISTRICT
-75.0580916436749,40.0587010848987,1576,126515001,3771,8360,RHAWNHURST SCHOOL,RHAWNHURST SCHOOL,7809 CASTOR AVE,19152,(215) 400-3220,,ELEMENTARY SCHOOL,K-5,603,1,DISTRICT
-75.1120827629408,39.9924470150844,1577,126515001,3842,5060,"MASTBAUM, JULES E. HIGH SCHOOL",JULES E. MASTBAUM AREA VOCATIONAL TECHNICAL HIGH SCHOOL,3116 FRANKFORD AVE,19134,(215) 400-7220,,HIGH SCHOOL,9-12,651,1,DISTRICT
-75.165732782732,39.9634508998865,1578,126515001,3808,2140,"MASTERMAN,JULIA R. HIGH SCHOOL",JULIA R. MASTERMAN SCHOOL,1699 SPRING GARDEN ST,19130,(215) 400-7580,,MIDDLE/HIGH,5-12,1182,1,DISTRICT
-75.0519203814907,40.0393418782801,1579,126515001,3769,8300,MAYFAIR SCHOOL,MAYFAIR SCHOOL,3001 PRINCETON AVE,19149,(215) 400-3280,,ELEMENTARY/MIDDLE,K-8,1766,1,DISTRICT
-75.152366532041,39.9445981325468,1580,126515001,3648,2340,"MC CALL, GEN. GEORGE A. SCHOOL",GENERAL GEORGE A. MCCALL SCHOOL,325 S 7TH ST,19106,(215) 400-7840,,ELEMENTARY/MIDDLE,K-8,628,1,DISTRICT
-75.1375739994297,40.0151779995059,1581,126515001,6534,7380,"MC CLURE, ALEXANDER K. SCHOOL",ALEXANDER K. MCCLURE SCHOOL,600 W HUNTING PARK AVE,19140,(215) 400-3870,,ELEMENTARY SCHOOL,K-5,411,1,DISTRICT
-75.1947652507936,39.9665496328013,1582,126515001,3611,1360,"MC MICHAEL, MORTON SCHOOL",MORTON MCMICHAEL SCHOOL,3543 FAIRMOUNT AVE,19104,(215) 400-7750,,ELEMENTARY/MIDDLE,K-8,270,1,DISTRICT
-75.1747000232622,40.0814117201095,1583,126515001,3719,6310,"MCCLOSKEY, JOHN F. SCHOOL",JOHN F. MCCLOSKEY SCHOOL,8500 PICKERING ST,19150,(215) 400-3380,,ELEMENTARY/MIDDLE,K-8,231,1,DISTRICT
-75.2105796338327,39.9694921357831,1584,,,3040,EXCEL MIDDLE YEARS ACADEMY,EXCEL MIDDLE YEARS ACADEMY,4300 WESTMINSTER AVE,19104,(215) 436-0307,,MIDDLE SCHOOL,6-8,30,1,CONTRACTED
-75.0824061901107,40.0071999096149,1585,100510000,7744,3364,FIRST PHILADELPHIA CHARTER,FIRST PHILADELPHIA PREPARATORY CHARTER SCHOOL,4300 TACONY ST,19124,(215) 743-3100,,ELEMENTARY/MIDDLE/HIGH,K-12,1886,2,CHARTER
-75.1561225600225,39.9589836872666,1586,126510021,7857,3384,FOLK ARTS CULTURAL TREASURES,FOLK ARTS-CULTURAL TREASURES CHARTER SCHOOL,1023 CALLOWHILL ST,19123,(215) 569-2600,,ELEMENTARY/MIDDLE,K-8,503,2,CHARTER
-75.1616083349064,39.9634007190651,1587,126515001,,3210,FRANKLIN HIGH SCHOOL EOP,BEN FRANKLIN HIGH SCHOOL EOP,550 N BROAD ST,19130,(215) 400-7600,,HIGH SCHOOL,9-12,176,1,DISTRICT
-75.2358135510795,39.9488172192121,1588,126516457,8153,3407,MASTERY CHARTER @ HARRITY,MASTERY CHARTER SCHOOL AT HARRITY,5601 CHRISTIAN ST,19143,(215) 471-2908,,ELEMENTARY/MIDDLE,K-8,740,2,CHARTER
-75.1452324369907,40.0014171901423,1589,126513110,7565,3310,LAB SCH OF COMMUNICAT'N & LANG,LABORATORY CHARTER SCHOOL OF COMMUNICATION AND LANGUAGES,926 W SEDGLEY AVE,19140,(215) 574-1680,,ELEMENTARY SCHOOL,K-5,450,2,CHARTER
-75.1189300524152,39.9816688106088,1590,,,3240,LIGUORI ACADEMY-FORTIS,THE FORTIS PROGRAM,2343 E TUCKER ST ,19125,(267) 571-1952,,HIGH SCHOOL,9-12,86,1,CONTRACTED
-75.1384436842674,40.0294118406759,1591,126519476,8206,3419,LINDLEY ACADEMY CHARTER @ BIRNEY,LINDLEY ACADEMY CHARTER @ BIRNEY,900 LINDLEY AVE,19141,(215) 456-3000,,ELEMENTARY/MIDDLE,K-8,748,2,CHARTER
-75.0938987512347,40.0056306308975,1592,126513480,7672,3332,MARIANA BRACETTI ACADEMY,MARIANA BRACETTI ACADEMY CHARTER SCHOOL,1840 TORRESDALE AVE,19124,(215) 291-4436,,ELEMENTARY/MIDDLE/HIGH,K-12,1518,2,CHARTER
-75.1359611916528,39.9944960643483,1593,173515368,7985,3394,PAN AMERICAN ACADEMY CHARTER,PAN AMERICAN ACADEMY CHARTER SCHOOL,2830 N AMERICAN ST,19133,(215) 425-1212,,ELEMENTARY/MIDDLE,K-8,762,2,CHARTER
-75.0202684785261,40.0309322857549,1594,,,8540,PENNYPACK HOUSE SCHOOL,PENNYPACK HOUSE SCHOOL,7901 STATE RD,19136,(215) 685-7752,,HIGH SCHOOL,9-12,77,1,DISTRICT
-75.0576232526914,40.095733370403,1595,126515001,4726,8430,"GREENBERG, JOSEPH SCHOOL",JOSEPH GREENBERG SCHOOL,600 SHARON LN,19115,(215) 400-3080,,ELEMENTARY/MIDDLE,K-8,925,1,DISTRICT
-75.1773920597576,39.9522723404091,1596,126515001,5186,2470,"GREENFIELD, ALBERT M. SCHOOL",ALBERT M. GREENFIELD SCHOOL,2200 CHESTNUT ST,19103,(215) 400-7810,,ELEMENTARY/MIDDLE,K-8,742,1,DISTRICT
-75.1268052651981,39.9811400508718,1597,126515001,5120,5300,"HACKETT, HORATIO B. SCHOOL",HORATIO B. HACKETT SCHOOL,2161 E YORK ST,19125,(215) 400-7470,,ELEMENTARY SCHOOL,K-5,366,1,DISTRICT
-75.2355430002609,39.9554380004194,1598,126515001,5185,1290,"HAMILTON, ANDREW SCHOOL",ANDREW HAMILTON SCHOOL,5640 SPRUCE ST,19139,(215) 400-7650,,ELEMENTARY/MIDDLE,K-8,348,1,DISTRICT
-74.9891928924951,40.0673722988134,1599,126515001,5041,8770,HANCOCK DEMONSTRATION SCHOOL,JOHN HANCOCK DEMONSTRATION SCHOOL,3700 MORRELL AVE,19114,(215) 400-3120,,ELEMENTARY/MIDDLE,K-5,895,1,DISTRICT
-75.0745608096168,40.0129169394876,1600,126515001,7242,7110,"HARDING, WARREN G. MIDDLE SCHOOL",WARREN G. HARDING SCHOOL,2000 WAKELING ST,19124,(215) 400-3990,,MIDDLE SCHOOL,6-8,570,1,DISTRICT
-75.2305950800223,39.9473651699919,1601,126515001,6528,1300,"HARRINGTON, AVERY D. SCHOOL",AVERY D. HARRINGTON SCHOOL,5300 BALTIMORE AVE,19143,(215) 400-7920,,ELEMENTARY/MIDDLE,K-8,272,1,DISTRICT
-75.1449778336078,39.9892456400739,1602,126515001,5125,5320,"HARTRANFT, JOHN F. SCHOOL",JOHN F. HARTRANFT SCHOOL,720 W CUMBERLAND ST,19133,(215) 400-7090,,ELEMENTARY/MIDDLE,K-8,310,1,DISTRICT
-75.1965877592889,40.0462577099047,1603,126515001,3712,6250,"HENRY, CHARLES W. SCHOOL",CHARLES W. HENRY SCHOOL,601 CARPENTER LN,19119,(215) 400-3480,,ELEMENTARY/MIDDLE,K-8,518,1,DISTRICT
-75.22972700037,39.9778519995755,1604,126515001,5187,4300,"HESTON, EDWARD SCHOOL",EDWARD HESTON SCHOOL,1621 N 54TH ST,19131,(215) 400-7290,,ELEMENTARY/MIDDLE,K-8,215,1,DISTRICT
-75.2664972086715,39.9755813035415,1605,126515001,7810,4320,"LAMBERTON,ROBERT E ELEMENTARY",ROBERT E. LAMBERTON SCHOOL,7501 WOODBINE AVE,19151,(215) 400-7530,,ELEMENTARY/MIDDLE,K-8,327,1,DISTRICT
-75.2527465374053,40.0623079436667,1606,126515001,7811,6540,LANKENAU HIGH SCHOOL,LANKENAU HIGH SCHOOL,201 SPRING LN,19128,(215) 400-3420,,HIGH SCHOOL,9-12,228,1,DISTRICT
-75.0589760002628,40.0206480001596,1607,126515001,3744,7330,"LAWTON, HENRY W. SCHOOL",HENRY W. LAWTON SCHOOL,6101 JACKSON ST,19135,(215) 400-3340,,ELEMENTARY SCHOOL,K-5,541,1,DISTRICT
-75.2163470005439,39.9545149995956,1608,126515001,6530,1340,"LEA, HENRY C.",HENRY C. LEA SCHOOL,4700 LOCUST ST,19139,(215) 400-7660,,ELEMENTARY/MIDDLE,K-8,474,1,DISTRICT
-75.0425259084579,40.0440889970966,1609,126515001,3845,8010,"LINCOLN, ABRAHAM HIGH SCHOOL",ABRAHAM LINCOLN HIGH SCHOOL,3201 RYAN AVE,19136,(215) 400-3300,,HIGH SCHOOL,9-12,2439,1,DISTRICT
-75.1897046083757,40.0373014689248,1610,126515001,3717,6440,"LINGELBACH, ANNA L. SCHOOL",ANNA L. LINGELBACH SCHOOL,6340 WAYNE AVE,19144,(215) 400-3630,,ELEMENTARY/MIDDLE,K-8,364,1,DISTRICT
-75.2124358341207,39.9621847968885,1611,126515001,4732,1470,"LOCKE, ALAIN SCHOOL",ALAIN LOCKE SCHOOL,4550 HAVERFORD AVE,19139,(215) 400-7670,,ELEMENTARY/MIDDLE,K-8,264,1,DISTRICT
-75.0236378955366,40.1140088382696,1612,126515001,4961,8440,"LOESCHE, WILLIAM H. SCHOOL",WILLIAM H. LOESCHE SCHOOL,595 TOMLINSON RD,19116,(215) 400-3020,,ELEMENTARY SCHOOL,K-5,1224,1,DISTRICT
-75.0708026216273,40.0558477758173,1613,126515001,3855,8020,NORTHEAST HIGH SCHOOL,NORTHEAST HIGH SCHOOL,1601 COTTMAN AVE,19111,(215) 400-3200,,HIGH SCHOOL,9-12,3467,1,DISTRICT
-75.1208726339683,40.0311012601713,1614,126515001,3750,7400,OLNEY ELEMENTARY SCHOOL,OLNEY SCHOOL,5301 N WATER ST,19120,(215) 400-3790,,ELEMENTARY/MIDDLE,K-8,656,1,DISTRICT
-75.254482769187,39.9741295737773,1615,126515001,6960,4480,OVERBROOK EDUCATIONAL CENTER,OVERBROOK EDUCATIONAL CENTER,6722 LANSDOWNE AVE,19151,(215) 400-7540,,ELEMENTARY/MIDDLE,K-8,260,1,DISTRICT
-75.2200629999175,39.967339000173,1616,126515001,3614,1410,"RHOADS, JAMES SCHOOL",JAMES RHOADS SCHOOL,4901 PARRISH ST,19139,(215) 400-7680,,ELEMENTARY/MIDDLE,K-8,419,1,DISTRICT
-75.1781297895294,40.0027559402936,1617,126515001,6522,4350,RHODES ELEMENTARY SCHOOL,E. WASHINGTON RHODES SCHOOL,2900 W CLEARFIELD ST,19132,(215) 400-7060,,ELEMENTARY/MIDDLE,K-8,355,1,DISTRICT
-75.1104909993929,39.9834960003057,1618,126515001,3701,5400,RICHMOND SCHOOL,RICHMOND SCHOOL,2944 BELGRADE ST,19134,(215) 400-7150,,ELEMENTARY SCHOOL,K-5,352,1,DISTRICT
-75.2055368826742,39.956971917992,1619,126515001,7780,1050,"ROBESON, PAUL HIGH SCHOOL",PAUL ROBESON HIGH SCHOOL FOR HUMAN SERVICES,4125 LUDLOW ST,19104,(215) 400-7780,,HIGH SCHOOL,9-12,266,1,DISTRICT
-75.175057050507,40.0482382288608,1620,126515001,3824,6360,ROOSEVELT ELEMENTARY SCHOOL,THEODORE ROOSEVELT SCHOOL,430 E WASHINGTON LN,19144,(215) 400-3640,,ELEMENTARY/MIDDLE,K-8,402,1,DISTRICT
-75.1485660747121,40.0587498173738,1621,126515001,3724,7530,"ROWEN, WILLIAM SCHOOL",WILLIAM ROWEN SCHOOL,6841 N 19TH ST,19126,(215) 400-3550,,ELEMENTARY SCHOOL,K-5,294,1,DISTRICT
-75.2228210518555,40.0376206486884,1622,126515001,3844,6030,ROXBOROUGH HIGH SCHOOL,ROXBOROUGH HIGH SCHOOL,6498 RIDGE AVE,19128,(215) 400-3400,,HIGH SCHOOL,9-12,613,1,DISTRICT
-75.2215169826907,40.0493725691184,1623,126515001,3861,6040,"SAUL, WALTER B. HIGH SCHOOL",WALTER B. SAUL HIGH SCHOOL,7100 HENRY AVE,19128,(215) 400-3450,,HIGH SCHOOL,9-12,416,1,DISTRICT
-75.1715085546065,39.917825753986,1624,126513400,7647,3336,PHILADELPHIA PERFORMING ARTS-BROAD ST,PHILADELPHIA PERFORMING ARTS: A STRING THEORY CHARTER SCHOOL,2600 S BROAD ST,19145,(215) 551-4000,,ELEMENTARY SCHOOL,2-5,2610,2,CHARTER
-75.0097862121799,40.1037042452735,1625,126513280,7587,3322,PHILADELPHIA ACADEMY,PHILADELPHIA ACADEMY CHARTER SCHOOL,11000 ROOSEVELT BLVD,19116,(215) 676-8320,,ELEMENTARY/MIDDLE/HIGH,K-8,1155,2,CHARTER
-75.0865964137304,40.0248040558452,1626,126515691,,3422,PHILADELPHIA CHARTER FOR ARTS,THE PHILADELPHIA CHARTER SCHOOL FOR ARTS AND SCIENCES,1197 HAWORTH ST,19124,(215) 537-2520,,ELEMENTARY/MIDDLE,K-8,906,2,CHARTER
-75.168219178783,39.9565048809966,1627,126510009,7737,3358,PHILADELPHIA ELECTRICAL AND TECHNOLOGY CHARTER SCHOOL,PHILADELPHIA ELECTRICAL AND TECHNOLOGY CHARTER SCHOOL,1709 BENJAMIN FRANKLIN PKWY,19103,(267) 514-1823,,HIGH SCHOOL,9-12,643,2,CHARTER
-75.2451532706774,39.9165643695892,1628,126510016,7828,3378,PHILADELPHIA MONTESSORI,PHILADELPHIA MONTESSORI CHARTER SCHOOL,2227 ISLAND AVE,19142,(215) 365-4011,,ELEMENTARY SCHOOL,K-6,228,2,CHARTER
-75.1540758838351,39.9944187396555,1629,,,8450,YES PHILLY,YES PHILLY,2709 N BROAD ST,19132,(215) 769-0340,,HIGH SCHOOL,9-12,121,1,CONTRACTED
-75.1481782936474,39.9676992367932,1630,126513250,7584,3329,YOUNG SCHOLARS CHARTER SCHOOL,YOUNG SCHOLARS CHARTER SCHOOL,900 N MARSHALL ST,19123,(215) 232-9727,,MIDDLE SCHOOL,6-8,268,2,CHARTER
-75.1554355759027,39.9882536461566,1631,126512870,7513,3304,YOUTHBUILD PHILADELPHIA CHARTER,YOUTHBUILD PHILADELPHIA CHARTER SCHOOL,2309 N BROAD ST,19123,(215) 627-8671,,HIGH SCHOOL,12,274,2,CHARTER
-75.1465980005368,40.0367059998385,1632,126515001,3728,6400,WIDENER MEMORIAL SCHOOL,WIDENER MEMORIAL SCHOOL,1450 W OLNEY AVE,19141,(215) 400-3710,,ELEMENTARY/MIDDLE/HIGH,K-12,143,1,DISTRICT
-75.1162218020759,39.993351470515,1633,126515001,6544,5440,"WILLARD, FRANCES E. SCHOOL",FRANCES E. WILLARD SCHOOL,1930 E ELKHART ST,19134,(215) 400-7180,,ELEMENTARY SCHOOL,K-4,378,1,DISTRICT
-75.0690859994939,40.052367000051,1634,126515001,7253,8120,CASTOR GARDENS MIDDLE SCHOOL,CASTOR GARDENS MIDDLE SCHOOL,1800 COTTMAN AVE,19111,(215) 400-3190,,MIDDLE SCHOOL,6-8,1318,1,DISTRICT
-75.1774965226624,39.9902712210442,1635,126515001,,4470,"WRIGHT, RICHARD R. SCHOOL",RICHARD R. WRIGHT SCHOOL,2201 N 28TH ST,19132,(215) 400-7030,,ELEMENTARY SCHOOL,K-5,215,1,DISTRICT
-75.0753711743273,40.030112192689,1636,126515001,7233,7460,"ZIEGLER, WILLIAM H. SCHOOL",WILLIAM H. ZIEGLER SCHOOL,5935 SAUL ST,19149,(215) 400-3260,,ELEMENTARY/MIDDLE,K-8,522,1,DISTRICT
-75.102927613713,40.0263592872659,1637,,,3290,EXCEL ACADEMY SOUTH,EXCEL ACADEMY SOUTH,4641 ROOSEVELT BLVD,19124,(215) 904-6254,,HIGH SCHOOL,9-12,209,1,CONTRACTED
-75.0738919997681,40.0197859999612,1638,126517286,8151,3409,MASTERY CHARTER @ SMEDLEY,MASTERY CHARTER SCHOOL AT SMEDLEY,1790 BRIDGE ST,19124,(215) 537-2523,,ELEMENTARY SCHOOL,K-6,757,2,CHARTER
-75.1667263269867,40.0332039453118,1639,126518118,3731,3427,MASTERY CHARTER @ WISTER,MASTERY CHARTER SCHOOL AT WISTER,67 E BRINGHURST ST,19144,(215) 951-4003,,ELEMENTARY SCHOOL,K-5,516,2,CHARTER
-75.1470141919082,39.9495269814117,1640,126510002,7678,3361,MASTERY CHARTER-LENFEST CAMPUS,MASTERY CHARTER SCHOOL AT LENFEST,35 S 4TH ST,19106,(215) 922-1902,,MIDDLE/HIGH,7-12,665,2,CHARTER
-75.0441782507204,40.0458371978444,1641,126515001,3766,8270,"(TEMPORARY) HOLME, THOMAS SCHOOL",(TEMPORARY) THOMAS HOLME SCHOOL,3001 RYAN AVE,19152,(215) 400-3130,,ELEMENTARY/MIDDLE,K-8,787,1,DISTRICT
-75.1693387175348,39.9885862474071,1642,126515001,3786,4270,"(TEMPORARY) DICK, WILLIAM SCHOOL",(TEMPORARY) WILLIAM DICK SCHOOL,2200 N 22ND ST,19132,(215) 400-7340,,ELEMENTARY/MIDDLE,K-8,343,1,DISTRICT
-75.1238727207174,40.0284859996728,1643,,,,PHILADELPHIA CONTINUATION ACADEMY,PHILADELPHIA CONTINUATION ACADEMY,100 W DUNCANNON AVE,19120,,,HIGH SCHOOL,9-12,25,1,DISTRICT
-75.1751743756385,40.071214298362,1644,126515001,7229,6460,HILL-FREEDMAN WORLD ACADEMY,HILL-FREEDMAN WORLD ACADEMY,1100 E MT PLEASANT AVE,19150,(215) 400-3530,,MIDDLE/HIGH,6-12,641,1,DISTRICT
-75.0091080508417,40.0549887736766,1645,126515001,3766,8270,"HOLME, THOMAS SCHOOL",THOMAS HOLME SCHOOL,9125 ACADEMY RD,19114,(215) 400-3130,,ELEMENTARY/MIDDLE,K-8,787,1,DISTRICT
-75.1022568901264,40.0084131233398,1646,126515001,3742,7300,"HOPKINSON, FRANCIS SCHOOL",FRANCIS HOPKINSON SCHOOL,4001 L ST,19124,(215) 400-3970,,ELEMENTARY/MIDDLE,K-8,572,1,DISTRICT
-75.194819995356,40.0591252651313,1647,126515001,3713,6260,"HOUSTON, HENRY H. SCHOOL",HENRY H. HOUSTON SCHOOL,7300 RURAL LN,19119,(215) 400-3490,,ELEMENTARY/MIDDLE,K-8,458,1,DISTRICT
-75.1422093713412,40.0413185655449,1648,126515001,3743,7320,"HOWE, JULIA WARD SCHOOL",JULIA W. HOWE SCHOOL,5800 N 13TH ST,19141,(215) 400-3650,,ELEMENTARY SCHOOL,K-5,229,1,DISTRICT
-75.1321278870912,39.9874083788568,1649,126515001,3693,5330,"HUNTER, WILLIAM H. SCHOOL",WILLIAM H. HUNTER SCHOOL,2400 N FRONT ST,19133,(215) 400-7110,,ELEMENTARY/MIDDLE,K-8,385,1,DISTRICT
-75.1634809995532,39.9346230003901,1650,126515001,3642,2510,"COPPIN, FANNY JACKSON SCHOOL
",FANNY JACKSON COPPIN SCHOOL,1213 S 12TH ST,19147,(215) 400-7970,,ELEMENTARY/MIDDLE,K-8,520,1,DISTRICT
-75.2033682853641,40.0747980046461,1651,126515001,3714,6270,JENKS ACADEMY ARTS & SCIENCES,JENKS ACADEMY FOR ARTS AND SCIENCES,8301 GERMANTOWN AVE,19118,(215) 400-3360,,ELEMENTARY/MIDDLE,K-8,395,1,DISTRICT
-75.1684423956487,39.918896183836,1652,126515001,7227,2520,"JENKS, ABRAM SCHOOL",ABRAM S. JENKS SCHOOL,2501 S 13TH ST,19148,(215) 400-8240,,ELEMENTARY SCHOOL,K-5,278,1,DISTRICT
-75.1111912204608,40.0123816973542,1653,126515001,7963,7150,JUNIATA PARK ACADEMY,JUNIATA PARK ACADEMY,801 E HUNTING PARK AVE,19124,(215) 400-7010,,ELEMENTARY/MIDDLE,K-8,854,1,DISTRICT
-75.1481293493631,39.9638575296874,1654,126515001,3645,5480,"KEARNY, GEN. PHILIP SCHOOL",GENERAL PHILIP KEARNY SCHOOL,601 FAIRMOUNT AVE,19123,(215) 400-7590,,ELEMENTARY/MIDDLE,K-8,190,1,DISTRICT
-75.1803268894624,39.9803917298931,1655,126515001,3626,4560,"KELLEY, WILLIAM D. SCHOOL",WILLIAM D. KELLEY SCHOOL,1601 N 28TH ST,19121,(215) 400-7370,,ELEMENTARY/MIDDLE,K-8,202,1,DISTRICT
-75.0360212258082,40.0345482370967,1656,126515001,3764,8250,"FORREST, EDWIN SCHOOL",EDWIN FORREST SCHOOL,7300 COTTAGE ST,19136,(215) 400-3330,,ELEMENTARY SCHOOL,K-5,809,1,DISTRICT
-75.0807943215056,40.0748566048441,1657,126515001,3765,8260,FOX CHASE SCHOOL,FOX CHASE SCHOOL,500 RHAWN ST,19111,(215) 400-3170,,ELEMENTARY SCHOOL,K-5,507,1,DISTRICT
-75.1407362876249,39.9971779155139,1658,126515001,5121,5390,POTTER-THOMAS SCHOOL,POTTER-THOMAS SCHOOL,3001 N 6TH ST,19133,(215) 400-7120,,ELEMENTARY/MIDDLE,K-8,326,1,DISTRICT
-75.0518885779514,40.0170245218547,1659,,,3404,TACONY ACADEMY CHARTER SCHOOL,TACONY ACADEMY CHARTER SCHOOL (HIGH SCHOOL),6201 KEYSTONE ST,19135,(215) 515-5900,O,HIGH SCHOOL,9-12,,2,CHARTER
-75.1476796206116,40.0517474803904,1660,126515001,3835,7130,"WAGNER, GEN. LOUIS MIDDLE SCH.",GENERAL LOUIS WAGNER SCHOOL,1701 CHELTEN AVE,19126,(215) 400-3560,,MIDDLE SCHOOL,6-8,297,1,DISTRICT
-75.1676263866839,39.964900259644,1661,126515001,7225,2490,"WARING, LAURA W. SCHOOL",LAURA W. WARING SCHOOL,1801 GREEN ST,19130,(215) 400-7560,,ELEMENTARY/MIDDLE,K-8,196,1,DISTRICT
-75.0264438820433,40.1061889021234,1662,126515001,6527,8030,"WASHINGTON, GEORGE HIGH SCHOOL",GEORGE WASHINGTON HIGH SCHOOL,10175 BUSTLETON AVE,19116,(215) 400-3100,,HIGH SCHOOL,9-12,1763,1,DISTRICT
-75.1179690005233,40.0354790003559,1663,126515001,7663,7370,"WASHINGTON, GROVER JR. MIDDLE","GROVER WASHINGTON, JR. SCHOOL",201 E OLNEY AVE,19120,(215) 400-3820,,MIDDLE SCHOOL,5-8,399,1,DISTRICT
-75.2112653918662,39.9662168226181,1664,126515001,3615,1420,"WASHINGTON, MARTHA SCHOOL",MARTHA WASHINGTON SCHOOL,766 N 44TH ST,19104,(215) 400-7770,,ELEMENTARY/MIDDLE,K-8,205,1,DISTRICT
-75.105501848456,39.9961930431299,1665,126515001,5124,5590,"WEBSTER, JOHN H. SCHOOL",JOHN H. WEBSTER SCHOOL,3400 FRANKFORD AVE,19134,(215) 400-7170,,ELEMENTARY SCHOOL,K-5,477,1,DISTRICT
-75.1393219482426,39.9865005115558,1666,126515001,3703,5420,"WELSH, JOHN SCHOOL",JOHN WELSH SCHOOL,2331 N 4TH ST,19133,(215) 400-7130,,ELEMENTARY/MIDDLE,K-8,186,1,DISTRICT
-75.2196540004072,39.9581100002233,1667,126515001,3860,1020,WEST PHILADELPHIA HIGH SCHOOL,WEST PHILADELPHIA HIGH SCHOOL,4901 CHESTNUT ST,19139,(215) 400-7900,,HIGH SCHOOL,9-12,719,1,DISTRICT
-75.006095209719,40.1136478425272,1668,126513150,7574,3328,"MATH, SCIENCE AND TECHNOLOGY","MATHEMATICS, SCIENCE, AND TECHNOLOGY COMMUNITY CHARTER SCHOOL (MAST)",1800 BYBERRY RD,19116,(267) 348-1100,,ELEMENTARY/MIDDLE/HIGH,K-12,1503,2,CHARTER
-75.1715396089747,40.0726316215339,1669,,,,,AD PRIMA CHARTER SCHOOL,8034 THOURON AVE,19150,(215) 488-7095,,ELEMENTARY/MIDDLE,K-8,,2,CHARTER
-75.2146844246723,39.9593182253797,1670,,,,KIPP PHILADELPHIA OCTAVIUS CATTO ELEMENTARY,KIPP OCTAVIUS CATTO CHARTER SCHOOL,4601 MARKET ST,19139,(267) 417-3070,,ELEMENTARY SCHOOL,K-3,398,2,CHARTER
-75.1168477055206,39.9764407987675,1671,,,,MARITIME ACADEMY CHARTER SCHOOL (MACS),MARITIME ACADEMY CHARTER SCHOOL (MACS),2700 E HUNTINGDON ST,19125,(215) 427-3090,,HIGH SCHOOL,9-12,,2,CHARTER
-75.1630715833107,39.9128255658467,1672,,,,MASTERY SCHOOL THOMAS CAMPUS,MASTERY SCHOOL THOMAS CAMPUS,814 BIGLER ST,19148,(267) 296-7000,,ELEMENTARY SCHOOL,K-6,,2,CHARTER
-75.0245494924888,40.0335037893222,1673,,,,NEW FOUNDATIONS CHARTER SCHOOL,NEW FOUNDATIONS CHARTER SCHOOL,4850 RHAWN ST,19136,(215) 344-6410,,HIGH SCHOOL,9-12,,2,CHARTER
-75.1238079996346,40.028771999608,1674,126513452,8205,3414,OLNEY HIGH SCHOOL,OLNEY HIGH SCHOOL CONTINUATION ACADEMY,100 W DUNCANNON AVE,19120,(215) 400-9140,,HIGH SCHOOL,9-12,25,1,CONTRACTED
-75.10560096025,40.0052800004294,1675,,,8890,ONE BRIGHT RAY-SIMPSON CAMPUS,ONE BRIGHT RAY - SIMPSON EVENING,1142 E ERIE AVE,19124,(215) 744-6000,,HIGH SCHOOL,9-12,176,1,CONTRACTED
-75.1256444420555,39.9987298917836,1676,133513315,8149,3406,JOHN B STETSON MIDDLE SCHOOL,JOHN B STETSON MIDDLE SCHOOL CONTINUATION ACADEMY,3200 B ST,19134,(215) 400-9150,,,5-8,22,1,CONTRACTED
-75.1732166059715,40.052049832765,1677,,,,,WISSAHICKON CHARTER SCHOOL,815 E WASHINGTON LN,19138,(267) 774-4370,,ELEMENTARY/MIDDLE,K-8,,2,CHARTER
-75.1180366982588,40.0352618244044,1678,,,,EXCEL ACADEMY CENTRAL,EXCEL ACADEMY CENTRAL,201 E OLNEY AVE,19120,(215) 346-8970,,HIGH SCHOOL,9-12,197,1,CONTRACTED
-75.1708995616749,39.9204888463811,1679,,,,BETHEL BAPTIST ACADEMY,BETHEL BAPTIST ACADEMY,2400 S BROAD ST,19145,(215) 426-1909,,ELEMENTARY/MIDDLE/HIGH,PREK-12,,3,PRIVATE
-75.2385940503104,39.9575935399916,1680,126515001,7245,1100,"SAYRE, WILLIAM L. HIGH SCHOOL",WILLIAM L. SAYRE HIGH SCHOOL,5800 WALNUT ST,19139,(215) 400-7800,,HIGH SCHOOL,9-12,447,1,DISTRICT
-75.2423345795802,39.9862105842837,1681,126515001,,2680,SCIENCE LEADERSHIP ACADEMY AT BEEBER,THE SCIENCE LEADERSHIP ACADEMY AT BEEBER,5925 MALVERN AVE,19131,(215) 400-7270,,MIDDLE/HIGH,5-12,533,1,DISTRICT
-75.1619732404512,39.9635754343486,1682,126515001,7906,2650,SCIENCE LEADERSHIP ACADEMY,SCIENCE LEADERSHIP ACADEMY,550 N BROAD ST,19130,(215) 400-7830,,HIGH SCHOOL,9-12,502,1,DISTRICT
-75.1946396129942,39.9577416762553,1683,126515001,,2050,SCIENCE LEADERSHIP ACADEMY MIDDLE SCHOOL,SCIENCE LEADERSHIP ACADEMY MIDDLE SCHOOL,3610 WARREN ST,19104,(215) 400-8320,,MIDDLE SCHOOL,5-8,353,1,DISTRICT
-75.1508410271532,39.9188677524905,1684,126515001,3653,2630,"SHARSWOOD, GEORGE SCHOOL",GEORGE W. SHARSWOOD SCHOOL,2300 S 2ND ST,19148,(215) 400-8270,,ELEMENTARY/MIDDLE,K-8,328,1,DISTRICT
-75.2385430006572,40.0514780000812,1685,126515001,3725,6380,SHAWMONT SCHOOL,SHAWMONT SCHOOL,535 SHAWMONT AVE,19128,(215) 400-3440,,ELEMENTARY/MIDDLE,K-8,457,1,DISTRICT
-75.1316299998968,39.9936510000805,1686,126515001,3702,5410,"SHEPPARD, ISAAC A. SCHOOL",ISAAC A. SHEPPARD SCHOOL,120 W CAMBRIA ST,19133,(215) 400-7070,,ELEMENTARY SCHOOL,K-4,123,1,DISTRICT
-75.1142247624076,39.9995819317837,1687,126515001,3800,5530,GLORIA CASAREZ ELEMENTARY SCHOOL,GLORIA CASAREZ ELEMENTARY SCHOOL,800 E ONTARIO ST,19134,(215) 400-7160,,ELEMENTARY SCHOOL,K-5,438,1,DISTRICT
-75.0646216915276,40.0448733610636,1688,126515001,3773,8340,"SOLIS-COHEN, SOLOMON SCHOOL",SOLOMON SOLIS-COHEN SCHOOL,7001 HORROCKS ST,19149,(215) 400-3250,,ELEMENTARY SCHOOL,K-5,1352,1,DISTRICT
-75.1684329937949,39.9238312871207,1689,126515001,3859,2000,SOUTH PHILADELPHIA HIGH SCHOOL,SOUTH PHILADELPHIA HIGH SCHOOL,2101 S BROAD ST,19148,(215) 400-8400,,HIGH SCHOOL,9-12,656,1,DISTRICT
-75.1602420630565,39.9258947201294,1690,126515001,3654,2640,SOUTHWARK SCHOOL,SOUTHWARK SCHOOL,1835 S 9TH ST,19148,(215) 400-8280,,ELEMENTARY/MIDDLE,K-8,946,1,DISTRICT
-75.1561404206783,39.9651615496125,1691,126515001,3655,5560,SPRING GARDEN SCHOOL,SPRING GARDEN SCHOOL,1146 MELON ST,19123,(215) 400-7610,,ELEMENTARY/MIDDLE,K-8,236,1,DISTRICT
-75.0728007092635,40.0374412405456,1692,126515001,7234,8350,"SPRUANCE, GILBERT SCHOOL",GILBERT SPRUANCE SCHOOL,6401 HORROCKS ST,19149,(215) 400-3290,,ELEMENTARY/MIDDLE,K-8,1258,1,DISTRICT
-75.1708501862775,39.94043707159,1693,126515001,3635,2450,"STANTON, EDWIN M. SCHOOL",EDWIN M. STANTON SCHOOL,901 S 17TH ST,19146,(215) 400-7960,,ELEMENTARY/MIDDLE,K-8,316,1,DISTRICT
-75.0851120000085,40.0117520000347,1694,126515001,4963,7290,"STEARNE, ALLEN M. SCHOOL",ALLEN M. STEARNE SCHOOL,1655 UNITY ST,19124,(215) 400-3980,,ELEMENTARY/MIDDLE,K-8,374,1,DISTRICT
-75.1568906403195,40.0187950199431,1695,126515001,3727,6390,"STEEL, EDWARD SCHOOL",EDWARD T. STEEL SCHOOL,4301 WAYNE AVE,19140,(215) 400-3910,,ELEMENTARY/MIDDLE,K-8,363,1,DISTRICT
-75.1840246403444,39.9907437096304,1696,126515001,7255,4140,STRAWBERRY MANSION HIGH SCHOOL,STRAWBERRY MANSION HIGH SCHOOL,3133 RIDGE AVE,19121,(215) 400-7500,,HIGH SCHOOL,9-12,307,1,DISTRICT
-75.0669073551768,40.015961998383,1697,126515001,3753,7430,"SULLIVAN, JAMES J. SCHOOL",JAMES J. SULLIVAN SCHOOL,5300 DITMAN ST,19124,(215) 400-3960,,ELEMENTARY SCHOOL,K-5,373,1,DISTRICT
-75.0139886292903,40.0921093000288,1698,126515001,7072,8090,SWENSON ARTS/TECH HIGH SCHOOL,SWENSON ARTS AND TECHNOLOGY HIGH SCHOOL,2750 RED LION RD,19114,(215) 400-3140,,HIGH SCHOOL,9-12,805,1,DISTRICT
-75.1840666905311,39.9901626275161,1699,126515001,,,ONE BRIGHT RAY MANSION,ONE BRIGHT RAY MANSION,3133 RIDGE AVE,19121,(215) 999-3110,O,HIGH SCHOOL,9-12,147,1,CONTRACTED
-75.1839839121761,39.9901588960822,1700,126515001,,,ONE BRIGHT RAY MANSION EVENING,ONE BRIGHT RAY MANSION EVENING,3133 RIDGE AVE,19121,(215) 999-3110,O,HIGH SCHOOL,9-12,88,1,CONTRACTED
-75.1017633524228,39.9980721090901,1701,126516724,,,DEEP ROOTS CHARTER SCHOOL,DEEP ROOTS CHARTER SCHOOL,3556 FRANKFORD AVE,19134,(267) 399-3727,O,ELEMENTARY SCHOOL,K-5,350,2,CHARTER
-75.1561192367673,40.013489584074,1702,126517643,,,MASTERY PREP ELEMENTARY CHARTER SCHOOL,MASTERY PREP ELEMENTARY CHARTER SCHOOL,1801 W PIKE ST,19140,(215) 866-0067,O,ELEMENTARY SCHOOL,K-3,608,2,CHARTER
-74.9917022338553,40.1094475135487,1703,126511624,3445,,MAST III CHARTER SCHOOL,MAST III CHARTER SCHOOL,1 CROWN WAY,19154,(267) 574-9855,,ELEMENTARY SCHOOL,K-8,1292,2,CHARTER
-75.1833101324273,40.0120350343059,1704,126510929,3446,,PHILADELPHIA HEBREW PUBLIC CHARTER SCHOOL,PHILADELPHIA HEBREW PUBLIC CHARTER SCHOOL,3300 HENRY AVE,19129,(267) 225-1511,,ELEMENTARY SCHOOL,K-1,574,2,CHARTER
-75.1702381154842,39.9202573448979,1705,,,,PHILADELPHIA PERFORMING ARTS CHARTER: STRING THEORY (E. CAMPUS),PHILADELPHIA PERFORMING ARTS CHARTER: STRING THEORY (E. CAMPUS),2407 S BROAD ST,19148,(215) 278-2460,,ELEMENTARY SCHOOL,K-1,,2,CHARTER
-75.0748441409285,40.088142803028,1706,300513605,,,FOX CHASE FARMS,FOX CHASE FARMS,8500 PINE RD,19111,(215) 400-3310,,UNGRADED,UNGRADED,,1,DISTRICT
-75.1188878198853,39.9817268137761,1707,326510730,,,LIGUORI ACADEMY,LIGUORI ACADMY,2343 E TUCKER ST,19125,(267) 571-1952,,HIGH SCHOOL,9-12,,3,PRIVATE
-75.1583603845027,40.0674351085893,1708,226512587,,,NEW MEDINA LEARNING INSTITUTE,NEW MEDINA LEARNING INSTITUTE,"7401 LIMEKILN PIKE, 2ND FLOOR",19138,(215) 298-9994,,ELEMENTARY/MIDDLE/HIGH,K-12,,3,PRIVATE
-75.1238079996346,40.028771999608,1709,126513452,8205,3414,OLNEY HIGH SCHOOL,OLNEY HIGH SCHOOL,100 W DUNCANNON AVE,19120,(215) 400-9140,,HIGH SCHOOL,9-12,1148,1,DISTRICT
-75.2048287845704,39.9670037210988,1710,126510010,7750,3368,BELMONT ELEMENTARY CHARTER,BELMONT CHARTER SCHOOL,4030 BROWN ST,19104,(215) 823-8208,,ELEMENTARY/MIDDLE/HIGH,K-12,948,2,CHARTER
-75.2333709921524,39.9517572140801,1711,185515523,7981,3388,BOYS LATIN OF PHILADELPHIA CHARTER,BOYS LATIN OF PHILADELPHIA CHARTER SCHOOL,5501 CEDAR AVE,19143,(215) 387-5149,,HIGH SCHOOL,9-12,754,2,CHARTER
-75.1776579994501,39.9781339996112,1712,,,2310,ACHIEVE ACADEMY,"ACHIEVE ACADEMY
",1435 N 26TH ST,19121,(215) 684-5080,,MIDDLE/HIGH,6-12,63,1,CONTRACTED
-75.126608154384,40.0152398523788,1713,,8120,3820,ACHIEVE ACADEMY EAST,ACHIEVE ACADEMY EAST,4224 N FRONT ST,19140,(267) 335-4764,,MIDDLE/HIGH,6-12,62,1,CONTRACTED
-75.1585529263673,39.9385799467192,1714,126513160,7575,3306,CHRISTOPHER COLUMBUS CHARTER,CHRISTOPHER COLUMBUS CHARTER SCHOOL,916 CHRISTIAN ST,19147,(215) 925-7400,,ELEMENTARY SCHOOL,K-4,842,2,CHARTER
-75.1066906108873,40.0046628493843,1715,126512840,7510,3301,COMMUNITY ACADEMY OF PHILADELPHIA,COMMUNITY ACADEMY OF PHILADELPHIA CHARTER SCHOOL,1100 E ERIE AVE,19124,(215) 533-6700,,ELEMENTARY/MIDDLE/HIGH,K-12,1242,2,CHARTER
-75.1261833978555,40.0152262848014,1716,,,3190,CROSSROADS @ HUNTING PARK,CROSSROADS AT HUNTING PARK,4224 N FRONT ST,19140,(215) 400-9060,,ELEMENTARY SCHOOL,3-6,32,1,DISTRICT
-75.2105231404679,39.9694040511869,1717,,,8690,CROSSROADS ACCELERATED ACADEMY,CROSSROADS ACCELERATED ACADEMY,4300 WESTMINSTER AVE,19104,(215) 400-9070,,MIDDLE/HIGH,7-10,61,1,DISTRICT
-75.1219290034388,40.0466708333372,1718,126513100,7564,3307,DE HOSTOS CHARTER SCHOOL,EUGENIO MARIA DE HOSTOS CHARTER SCHOOL,6301 N 2ND ST,19120,(215) 455-2300,,ELEMENTARY/MIDDLE,K-8,631,2,CHARTER
-75.2140545615316,39.9773479800017,1719,126510011,7775,3372,DISCOVERY CHARTER SCHOOL,DISCOVERY CHARTER SCHOOL,4700 PARKSIDE AVE,19131,(215) 879-8182,,ELEMENTARY/MIDDLE,K-8,621,2,CHARTER
-75.1695746497401,39.9845943708891,1720,126518547,8150,3412,DOUGLASS MASTERY CHARTER,MASTERY CHARTER SCHOOL AT DOUGLASS,2118 W NORRIS ST,19121,(215) 684-5063,,ELEMENTARY/MIDDLE,K-8,524,2,CHARTER
-75.1012718192919,39.9984198313759,1721,,,3510,EL CENTRO DE ESTUDIANTES,EL CENTRO DE ESTUDIANTES (BIG PICTURE),3360 FRANKFORD AVE,19134,(267) 687-1172,,HIGH SCHOOL,9-12,121,1,CONTRACTED
-75.13265046548,40.0149395009862,1722,126513440,7665,3333,ESPERANZA ACADEMY CHARTER,ESPERANZA ACADEMY CHARTER SCHOOL,301 W HUNTING PARK AVE,19140,(215) 457-3667,,HIGH SCHOOL,9-12,1643,2,CHARTER
-75.1776579994501,39.9781339996112,1723,,,8080,EXCEL ACADEMY NORTH,EXCEL ACADEMY NORTH,1435 N 26TH ST,19121,(215) 684-5080,,HIGH SCHOOL,9-12,161,1,CONTRACTED
-75.0656354740409,40.0073740310489,1724,126510014,7777,3366,MARITIME ACADEMY CHARTER,MARITIME ACADEMY CHARTER SCHOOL (MACS),2275 BRIDGE ST,19137,(215) 535-4555,,ELEMENTARY/MIDDLE/HIGH,K-8,836,2,CHARTER
-75.0451453469234,40.0178996506002,1725,126513117,,3440,MAST COMMUNITY CHARTER II,MAST COMMUNITY CHARTER SCHOOL II,6501 NEW STATE RD,19135,(267) 526-0005,,ELEMENTARY/MIDDLE/HIGH,3-12,1880,2,CHARTER
-75.1587214712667,40.0109322275517,1726,126519644,8259,3420,MASTERY CHARTER @ CLEVELAND,MASTERY CHARTER SCHOOL AT CLEVELAND,3701 N 19TH ST,19140,(215) 227-5042,,ELEMENTARY/MIDDLE,K-8,742,2,CHARTER
-75.1506431658866,39.9957945910023,1727,126511748,8208,3415,MASTERY CHARTER @ CLYMER,MASTERY CHARTER SCHOOL AT CLYMER,1201 W RUSH ST,19133,(215) 223-2243,,ELEMENTARY SCHOOL,K-6,422,2,CHARTER
-75.1560932326435,40.0142103099922,1728,126513734,8207,3416,MASTERY CHARTER @ GRATZ HIGH,MASTERY CHARTER SCHOOL AT GRATZ,1798 W HUNTING PARK AVE,19140,(215) 227-4408,,MIDDLE/HIGH,7-12,1041,2,CHARTER
-75.186656859591,39.9284535503733,1729,126512960,7540,3313,PREPARATORY CHARTER SCHOOL,"PREPARATORY CHARTER SCHOOL OF MATHEMATICS, SCIENCE, TECHNOLOGY AND CAREERS",1928 POINT BREEZE AVE,19145,(215) 334-6144,,HIGH SCHOOL,9-12,591,2,CHARTER
-75.218648013236,39.9283012471819,1730,126510008,7684,3359,RICHARD ALLEN PREPARATORY,RICHARD ALLEN PREPARATORY CHARTER SCHOOL,2601 S 58TH ST,19143,(215) 878-5144,,MIDDLE SCHOOL,5-8,314,2,CHARTER
-75.1715506394187,39.9559492195122,1731,126510001,7677,3360,RUSSELL BYERS CHARTER SCHOOL,RUSSELL BYERS CHARTER SCHOOL,1911 ARCH ST,19103,(215) 972-1700,,ELEMENTARY/MIDDLE,K-8,697,2,CHARTER
-75.1286410006265,39.9870820002733,1732,114514135,8083,3399,SANKOFA FREEDOM ACADEMY,SANKOFA FREEDOM ACADEMY CHARTER SCHOOL,2501 KENSINGTON AVE,19125,(215) 288-2001,,ELEMENTARY/MIDDLE/HIGH,K-12,674,2,CHARTER
-75.1684471170391,39.923729452171,1733,126515001,,3880,SOUTH PHILADELPHIA HIGH SCHOOL EOP,SOUTH PHILADELPHIA HIGH SCHOOL EOP,2101 S BROAD ST,19148,(215) 400-8400,,HIGH SCHOOL,9-12,83,1,DISTRICT
-75.2426000000765,39.9180989995394,1734,108515107,7960,3392,SOUTHWEST LEADERSHIP ACADEMY,SOUTHWEST LEADERSHIP ACADEMY CHARTER SCHOOL,7101 PASCHALL AVE,19142,(215) 729-1939,,ELEMENTARY/MIDDLE,K-8,647,2,CHARTER
-75.0662062296681,40.0670418633502,1735,192518422,8126,3404,TACONY ACADEMY CHARTER SCHOOL,TACONY ACADEMY CHARTER SCHOOL,1330 RHAWN ST,19111,(215) 742-5100,,ELEMENTARY/MIDDLE/HIGH,K-8,1084,2,CHARTER
-75.1556690000409,39.986869000552,1736,126511530,,3441,TECH FREIRE CHARTER SCHOOL,TECH FREIRE CHARTER SCHOOL,2221 N BROAD ST,19132,(267) 507-1111,,HIGH SCHOOL,9-12,534,2,CHARTER
-75.197671839423,39.9351772246149,1737,126512674,3617,3424,UNIVERSAL ALCORN CHARTER,UNIVERSAL CHARTER SCHOOL AT ALCORN,3200 DICKINSON ST,19146,(215) 952-6219,,ELEMENTARY/MIDDLE,K-8,462,2,CHARTER
-75.1985900006054,39.9337369996213,1738,126519434,8195,3417,UNIVERSAL AUDENRIED CHARTER,UNIVERSAL CHARTER SCHOOL AT AUDENRIED,3301 TASKER ST,19145,(215) 952-4801,,HIGH SCHOOL,9-12,587,2,CHARTER
-75.2360200003693,39.9737390002601,1739,168513758,8145,3410,GUION S BLUFORD ELEMENTARY SCHOOL,GUION S BLUFORD ELEMENTARY SCHOOL,5720 MEDIA ST,19131,(215) 400-9170,,ELEMENTARY/MIDDLE,K-8,477,1,DISTRICT
-75.1051721929566,40.0343720781628,1740,126517442,8251,3421,UNIVERSAL CREIGHTON CHARTER,UNIVERSAL CHARTER SCHOOL AT CREIGHTON,5401 TABOR AVE,19120,(215) 537-2531,,ELEMENTARY/MIDDLE,K-8,664,2,CHARTER
-75.1676904813717,39.9408997340373,1741,126513210,7580,3326,UNIVERSAL INSTITUTE,UNIVERSAL INSTITUTE CHARTER SCHOOL,801 S 15TH ST,19146,(215) 732-2876,,ELEMENTARY/MIDDLE,K-8,599,2,CHARTER
-75.1836319139637,39.9284985133598,1742,126513415,8196,3418,UNIVERSAL VARE CHARTER SCHOOL,UNIVERSAL CHARTER SCHOOL AT VARE,1901 S 23RD ST,19145,(215) 952-8611,,MIDDLE SCHOOL,5-8,127,2,CHARTER
-75.1634134086327,40.0595120027579,1743,126513020,7548,3314,WEST OAK LANE CHARTER SCHOOL,WEST OAK LANE CHARTER SCHOOL,7115 STENTON AVE,19138,(215) 927-7995,,ELEMENTARY/MIDDLE,K-8,970,2,CHARTER
-75.2541110000342,39.9706669997453,1744,126510006,7722,3357,WEST PHILADELPHIA ACHIEVEMENT,WEST PHILADELPHIA ACHIEVEMENT CHARTER SCHOOL,6701 CALLOWHILL ST,19151,(215) 476-6471,,ELEMENTARY SCHOOL,K-5,653,2,CHARTER
-75.1725947322583,40.0156328885105,1745,126510007,7724,3362,WISSAHICKON CHARTER SCHOOL,WISSAHICKON CHARTER SCHOOL,4700 WISSAHICKON AVE,19144,(267) 338-1020,,ELEMENTARY/MIDDLE,K-8,988,2,CHARTER
-75.0399878833954,40.0435501586461,1746,126515001,8493,"8130
","NORTHEAST COMMUNITY PROPEL ACADEMY
",NORTHEAST COMMUNITY PROPEL ACADEMY,7500 ROWLAND AVE,19136,(215) 400-8350,,ELEMENTARY/MIDDLE,K-8,1789,1,DISTRICT
-75.1762324428352,39.921060354045,1747,,,,ST MONICA SCHOOL (JUNIOR SCHOOL),ST MONICA JUNIOR SCHOOL,1720 RITNER ST,19145,(215) 334-6001,,ELEMENTARY SCHOOL,K-4,,3,ARCHDIOCESE
-75.1596612825676,39.9501347321367,1748,326514392,,,K012 KIDS SCHOOL,K012 KIDS SCHOOL,1112 CHESTNUT ST,19107,(215) 545-2930,,PRE-K/ELEMENTARY,PREK-3,,3,PRIVATE
-75.2147459891865,40.000043845533,1749,326512996,,,NEW OAKS ACADEMY,NEW OAKS ACADEMY,4200 MONUMENT ST,19131,(215) 581- 3879,,UNGRADED,5-12,,3,PRIVATE
-75.1859205459487,40.001713596783,1750,300515320,,,PRODIGY LEARNING CENTERS,PRODIGY LEARNING CENTERS,3345 W HUNTING PARK AVE,19132,(215) 228-7678,,PRE-K/ELEMENTARY,PREK-5,,3,PRIVATE
-75.1398779749025,40.0410051080676,1751,226515695,,,SAINTS TABERNACLE DAY SCHOOL,SAINTS TABERNACLE DAY SCHOOL,5800 N MARVINE ST,19141,(215) 548-6011 ,,ELEMENTARY SCHOOL,PREK-5,,3,PRIVATE
-75.0973949038773,40.0483818096593,1752,,,,"MATHEMATICS, SCIENCE AND TECHNOLOGY COMMUNITY CHARTER SCHOOL II",MAST COMMUNITY CHARTER SCHOOL II (LAWNCREST CAMPUS),6238 RISING SUN AVE,19111,(215) 398-7960,,ELEMENTARY SCHOOL,K-2,,2,CHARTER
-75.1708049757271,39.9177169509364,1753,326517070,,,CHILDREN'S HOUSE OF PHILADELPHIA,CHILDREN'S HOUSE OF PHILADELPHIA,2611 S BROAD ST,19148,(215) 570-0757,,PRE-K/KINDERGARTEN,PREK-K,,3,PRIVATE
-75.2249464308887,39.9476146019146,1754,326517668,,,HYACINTH MONTESSORI,HYACINTH MONTESSORI,5050 BALTIMORE AVE,19143,(267) 209-0869,,ELEMENTARY SCHOOL,K-6,,3,PRIVATE
-75.1441711016274,39.9727832284268,1755,326511965,,,LITTLE CITY MONTESSORI,LITTLE CITY MONTESSORI,1401 N 5TH ST,19122,(215) 764-0633,,PRE-K/KINDERGARTEN,PREK-K,,3,PRIVATE
-75.2447694751093,39.9681674960087,1756,,,,,BOYS LATIN OF PHILADELPHIA CHARTER SCHOOL,344 N FELTON ST,19139,(215) 387-5149,,MIDDLE SCHOOL,6-8,,2,CHARTER
-75.1341864251952,40.0157891006335,1757,,,,,ESPERANZA ACADEMY CHARTER SCHOOL,4261 N 5TH ST,19140,(267) 270-4044,,MIDDLE SCHOOL,6-8,,2,CHARTER
-75.1316352734529,39.9983330662341,1758,,,,,ESPERANZA ACADEMY CHARTER SCHOOL,3150 N MASCHER ST,19140,(215) 999-0203,,ELEMENTARY SCHOOL,K-5,,2,CHARTER
-75.1626529723063,39.9609119305578,1759,,,,RE-ENGAGEMENT CENTER,RE-ENGAGEMENT CENTER,440 N BROAD ST,19130,(215) 400-6700,,HIGH SCHOOL,9-12,1,1,DISTRICT
-75.1626440495439,39.961021589463,1760,,,,STUDENT TRANSITION CENTER,STUDENT TRANSITION CENTER,440 N BROAD ST,19130,,,ELEMENTARY/MIDDLE/HIGH,1-12,46,1,DISTRICT
-75.2122480078701,39.9750195729196,1761,,,,BELMONT CHARTER HIGH SCHOOL,BELMONT CHARTER HIGH SCHOOL,1301 BELMONT AVE,19104,(215) 877-1286,,HIGH SCHOOL,9-12,,2,CHARTER
-75.1689518740272,40.0059333811534,1762,,,,KIPP PHILADELPHIA ELEMENTARY ACADEMY,KIPP PHILADELPHIA ELEMENTARY ACADEMY,2409 W WESTMORELAND ST,19140,(267) 687-7283,,ELEMENTARY,K-4,,2,CHARTER
-75.1735932394434,40.0024488725986,1763,,,,KIPP PHILADELPHIA PREPARATORY ACADEMY,KIPP PHILADELPHIA PREPARATORY ACADEMY,2600 W CLEARFIELD ST,19132,(215) 227-1728,,MIDDLE SCHOOL,5-8,,2,CHARTER
-75.2426428920881,39.9444755217986,1764,,,,KIPP WEST PHILADELPHIA PREPARATORY,KIPP WEST PHILADELPHIA PREPARATORY CHARTER SCHOOL,5900 BALTIMORE AVE,19143,(215) 294-2973,,MIDDLE SCHOOL,5-8,,2,CHARTER
-75.1789220792529,40.0312580899504,1765,,,,ANTHONY WAYNE ACADEMY,ANTHONY WAYNE ACADEMY,5538 WAYNE AVE,19144,(267) 297-7782,,MIDDLE/HIGH,6-12,,3,PRIVATE
-75.1760167952789,39.9557540025218,1766,300513960,,,GREENE TOWNE SCHOOL INC,GREENE TOWNE SCHOOL INC.,55 N 22ND ST,19103,(215) 563-6368,,ELEMENTARY SCHOOL,PREK-3,,3,PRIVATE
-75.1800853227342,40.0417176243107,1767,,,,POINCIANA MONTESSORI,POINCIANA MONTESSORI,6144 GERMANTOWN AVE,19144,(215) 975-0015,,ELEMENTARY SCHOOL,K-4,,3,PRIVATE
-75.1841850301017,40.0067277092031,1768,,,,SMART CENTER ACADEMY,SMART CENTER ACADEMY,3301 W WESTMORELAND ST,19129,(610) 742-2804,,PRE-K/KINDERGARTEN,PREK-K,,3,PRIVATE
-75.243101343437,39.988397971559,1769,,,,YESHIVA KETANA OF PHILADELPHIA,YESHIVA KETANA OF PHILADELPHIA,5900 DREXEL RD,19131,(610) 756-8367,,ELEMENTARY SCHOOL,K-3,,3,PRIVATE
-75.1276347113583,39.9727583241561,1770,126515001,6823,5430,(TEMPORARY) AMY 5 AT JAMES MARTIN,(TEMPORARY) ALTERNATIVE MIDDLE YEARS AT JAMES MARTIN ,600 E THOMPSON ST,19125,(215) 400-7190,,MIDDLE SCHOOL,6-8,185,1,DISTRICT
